Task Index,State,Timestamp
0,1,27759
0,0,27759
0,1,27782
0,0,27782
1,1,27785
1,0,27785
2,1,27785
2,0,27785
0,1,27790
0,0,27790
0,1,27813
0,0,27813
0,1,27836
0,0,27836
0,1,27859
0,0,27859
1,1,27880
1,0,27880
0,1,27880
0,0,27880
2,1,27880
2,0,27880
0,1,27903
0,0,27903
0,1,27926
0,0,27926
0,1,27949
0,0,27949
0,1,27972
0,0,27972
1,1,27975
1,0,27975
2,1,27975
2,0,27975
0,1,27975
0,0,27975
0,1,27998
0,0,27998
0,1,28021
0,0,28021
0,1,28044
0,0,28044
0,1,28067
0,0,28067
1,1,28070
1,0,28070
2,1,28070
2,0,28070
0,1,28070
0,0,28070
0,1,28093
0,0,28093
0,1,28116
0,0,28116
0,1,28139
0,0,28139
0,1,28162
0,0,28162
1,1,28165
1,0,28165
2,1,28165
2,0,28165
0,1,28170
0,0,28170
0,1,28193
0,0,28193
0,1,28216
0,0,28216
0,1,28239
0,0,28239
1,1,28260
1,0,28260
0,1,28260
0,0,28260
2,1,28260
2,0,28260
0,1,28283
0,0,28283
0,1,28306
0,0,28306
0,1,28329
0,0,28329
0,1,28473
0,0,28473
0,1,28496
0,0,28496
0,1,28519
0,0,28519
0,1,28542
0,0,28542
1,1,28545
1,0,28545
2,1,28545
2,0,28545
0,1,28551
0,0,28551
0,1,28573
0,0,28573
0,1,28596
0,0,28596
0,1,28619
0,0,28619
1,1,28640
1,0,28640
0,1,28640
0,0,28640
2,1,28640
2,0,28640
0,1,28663
0,0,28663
0,1,28686
0,0,28686
0,1,28709
0,0,28709
0,1,28732
0,0,28732
1,1,28735
1,0,28735
2,1,28735
2,0,28735
0,1,28735
0,0,28735
0,1,28758
0,0,28758
0,1,28781
0,0,28781
0,1,28804
0,0,28804
0,1,28827
0,0,28827
1,1,28830
1,0,28830
2,1,28830
2,0,28830
0,1,28830
0,0,28830
0,1,28853
0,0,28853
0,1,28876
0,0,28876
0,1,28899
0,0,28899
0,1,28922
0,0,28922
1,1,28925
1,0,28925
2,1,28925
2,0,28925
0,1,28930
0,0,28930
0,1,28953
0,0,28953
0,1,28976
0,0,28976
0,1,28999
0,0,28999
1,1,29020
1,0,29020
0,1,29020
0,0,29020
2,1,29020
2,0,29020
0,1,29043
0,0,29043
0,1,29066
0,0,29066
0,1,29089
0,0,29089
0,1,29112
0,0,29112
2,1,29115
2,0,29115
1,1,29115
1,0,29115
0,1,29115
0,0,29115
0,1,29138
0,0,29138
0,1,29161
0,0,29161
0,1,29184
0,0,29184
0,1,29207
0,0,29207
1,1,29210
1,0,29210
2,1,29210
2,0,29210
0,1,29210
0,0,29210
0,1,29233
0,0,29233
0,1,29256
0,0,29256
0,1,29279
0,0,29279
0,1,29302
0,0,29302
1,1,29305
1,0,29305
2,1,29305
2,0,29305
0,1,29310
0,0,29310
0,1,29333
0,0,29333
0,1,29356
0,0,29356
0,1,29379
0,0,29379
1,1,29400
1,0,29400
0,1,29400
0,0,29400
2,1,29400
2,0,29400
0,1,29423
0,0,29423
0,1,29446
0,0,29446
0,1,29469
0,0,29469
0,1,29492
0,0,29492
1,1,29495
1,0,29495
2,1,29495
2,0,29495
0,1,29495
0,0,29495
0,1,29518
0,0,29518
0,1,29541
0,0,29541
0,1,29564
0,0,29564
0,1,29587
0,0,29587
1,1,29590
1,0,29590
2,1,29590
2,0,29590
0,1,29590
0,0,29590
0,1,29613
0,0,29613
0,1,29636
0,0,29636
0,1,29659
0,0,29659
0,1,29682
0,0,29682
1,1,29685
1,0,29685
2,1,29685
2,0,29685
0,1,29690
0,0,29690
0,1,29713
0,0,29713
0,1,29736
0,0,29736
0,1,29759
0,0,29759
1,1,29780
1,0,29780
0,1,29780
0,0,29780
2,1,29780
2,0,29780
0,1,29803
0,0,29803
0,1,29826
0,0,29826
0,1,29849
0,0,29849
0,1,29872
0,0,29872
1,1,29875
1,0,29875
2,1,29875
2,0,29875
0,1,29875
0,0,29875
0,1,29898
0,0,29898
0,1,29921
0,0,29921
0,1,29944
0,0,29944
0,1,29967
0,0,29967
1,1,29970
1,0,29970
2,1,29970
2,0,29970
0,1,29970
0,0,29970
0,1,29993
0,0,29993
0,1,30016
0,0,30016
0,1,30039
0,0,30039
0,1,30062
0,0,30062
1,1,30065
1,0,30065
2,1,30065
2,0,30065
0,1,30070
0,0,30070
0,1,30093
0,0,30093
0,1,30116
0,0,30116
0,1,30139
0,0,30139
1,1,30160
1,0,30160
0,1,30160
0,0,30160
2,1,30160
2,0,30160
0,1,30183
0,0,30183
0,1,30206
0,0,30206
0,1,30229
0,0,30229
0,1,30373
0,0,30373
0,1,30396
0,0,30396
0,1,30419
0,0,30419
0,1,30442
0,0,30442
1,1,30445
1,0,30445
2,1,30445
2,0,30445
0,1,30451
0,0,30451
0,1,30473
0,0,30473
0,1,30496
0,0,30496
0,1,30519
0,0,30519
1,1,30540
1,0,30540
0,1,30540
0,0,30540
2,1,30540
2,0,30540
0,1,30563
0,0,30563
0,1,30586
0,0,30586
0,1,30609
0,0,30609
0,1,30632
0,0,30632
1,1,30635
1,0,30635
2,1,30635
2,0,30635
0,1,30635
0,0,30635
0,1,30658
0,0,30658
0,1,30681
0,0,30681
0,1,30704
0,0,30704
0,1,30727
0,0,30727
1,1,30730
1,0,30730
2,1,30730
2,0,30730
0,1,30730
0,0,30730
0,1,30753
0,0,30753
0,1,30776
0,0,30776
0,1,30799
0,0,30799
0,1,30822
0,0,30822
1,1,30825
1,0,30825
2,1,30825
2,0,30825
0,1,30830
0,0,30830
0,1,30853
0,0,30853
0,1,30876
0,0,30876
0,1,30899
0,0,30899
1,1,30920
1,0,30920
0,1,30920
0,0,30920
2,1,30920
2,0,30920
0,1,30943
0,0,30943
0,1,30966
0,0,30966
0,1,30989
0,0,30989
0,1,31012
0,0,31012
1,1,31015
1,0,31015
2,1,31015
2,0,31015
0,1,31015
0,0,31015
0,1,31038
0,0,31038
0,1,31061
0,0,31061
0,1,31084
0,0,31084
0,1,31107
0,0,31107
1,1,31110
1,0,31110
2,1,31110
2,0,31110
0,1,31110
0,0,31110
0,1,31133
0,0,31133
0,1,31156
0,0,31156
0,1,31179
0,0,31179
0,1,31202
0,0,31202
1,1,31205
1,0,31205
2,1,31205
2,0,31205
0,1,31210
0,0,31210
0,1,31233
0,0,31233
0,1,31256
0,0,31256
0,1,31279
0,0,31279
1,1,31300
1,0,31300
0,1,31300
0,0,31300
2,1,31300
2,0,31300
0,1,31323
0,0,31323
0,1,31346
0,0,31346
0,1,31369
0,0,31369
0,1,31392
0,0,31392
1,1,31395
1,0,31395
2,1,31395
2,0,31395
0,1,31395
0,0,31395
0,1,31418
0,0,31418
0,1,31441
0,0,31441
0,1,31464
0,0,31464
0,1,31487
0,0,31487
1,1,31490
1,0,31490
2,1,31490
2,0,31490
0,1,31490
0,0,31490
0,1,31513
0,0,31513
0,1,31536
0,0,31536
0,1,31559
0,0,31559
0,1,31582
0,0,31582
1,1,31585
1,0,31585
2,1,31585
2,0,31585
0,1,31590
0,0,31590
0,1,31613
0,0,31613
0,1,31636
0,0,31636
0,1,31659
0,0,31659
1,1,31680
1,0,31680
0,1,31680
0,0,31680
2,1,31680
2,0,31680
0,1,31703
0,0,31703
0,1,31726
0,0,31726
0,1,31749
0,0,31749
0,1,31772
0,0,31772
1,1,31775
1,0,31775
2,1,31775
2,0,31775
0,1,31775
0,0,31775
0,1,31798
0,0,31798
0,1,31821
0,0,31821
0,1,31844
0,0,31844
0,1,31867
0,0,31867
1,1,31870
1,0,31870
2,1,31870
2,0,31870
0,1,31870
0,0,31870
0,1,31893
0,0,31893
0,1,31916
0,0,31916
0,1,31939
0,0,31939
0,1,31962
0,0,31962
1,1,31965
1,0,31965
2,1,31965
2,0,31965
0,1,31970
0,0,31970
0,1,31993
0,0,31993
0,1,32016
0,0,32016
0,1,32039
0,0,32039
1,1,32060
1,0,32060
0,1,32060
0,0,32060
2,1,32060
2,0,32060
0,1,32083
0,0,32083
0,1,32106
0,0,32106
0,1,32129
0,0,32129
0,1,32273
0,0,32273
0,1,32296
0,0,32296
0,1,32319
0,0,32319
0,1,32342
0,0,32342
1,1,32345
1,0,32345
2,1,32345
2,0,32345
0,1,32351
0,0,32351
0,1,32373
0,0,32373
0,1,32396
0,0,32396
0,1,32419
0,0,32419
1,1,32440
1,0,32440
0,1,32440
0,0,32440
2,1,32440
2,0,32440
0,1,32463
0,0,32463
0,1,32486
0,0,32486
0,1,32509
0,0,32509
0,1,32532
0,0,32532
1,1,32535
1,0,32535
2,1,32535
2,0,32535
0,1,32535
0,0,32535
0,1,32558
0,0,32558
0,1,32581
0,0,32581
0,1,32604
0,0,32604
0,1,32627
0,0,32627
1,1,32630
1,0,32630
2,1,32630
2,0,32630
0,1,32630
0,0,32630
0,1,32653
0,0,32653
0,1,32676
0,0,32676
0,1,32699
0,0,32699
0,1,32722
0,0,32722
1,1,32725
1,0,32725
2,1,32725
2,0,32725
0,1,32730
0,0,32730
0,1,32753
0,0,32753
0,1,32776
0,0,32776
0,1,32799
0,0,32799
1,1,32820
1,0,32820
0,1,32820
0,0,32820
2,1,32820
2,0,32820
0,1,32843
0,0,32843
0,1,32866
0,0,32866
0,1,32889
0,0,32889
0,1,32912
0,0,32912
1,1,32915
1,0,32915
2,1,32915
2,0,32915
0,1,32915
0,0,32915
0,1,32938
0,0,32938
0,1,32961
0,0,32961
0,1,32984
0,0,32984
0,1,33007
0,0,33007
1,1,33010
1,0,33010
2,1,33010
2,0,33010
0,1,33010
0,0,33010
0,1,33033
0,0,33033
0,1,33056
0,0,33056
0,1,33079
0,0,33079
0,1,33102
0,0,33102
1,1,33105
1,0,33105
2,1,33105
2,0,33105
0,1,33110
0,0,33110
0,1,33133
0,0,33133
0,1,33156
0,0,33156
0,1,33179
0,0,33179
1,1,33200
1,0,33200
0,1,33200
0,0,33200
2,1,33200
2,0,33200
0,1,33223
0,0,33223
0,1,33246
0,0,33246
0,1,33269
0,0,33269
0,1,33292
0,0,33292
1,1,33295
1,0,33295
2,1,33295
2,0,33295
0,1,33295
0,0,33295
0,1,33318
0,0,33318
0,1,33341
0,0,33341
0,1,33364
0,0,33364
0,1,33387
0,0,33387
1,1,33390
1,0,33390
2,1,33390
2,0,33390
0,1,33390
0,0,33390
0,1,33413
0,0,33413
0,1,33436
0,0,33436
0,1,33459
0,0,33459
0,1,33482
0,0,33482
1,1,33485
1,0,33485
2,1,33485
2,0,33485
0,1,33490
0,0,33490
0,1,33513
0,0,33513
0,1,33536
0,0,33536
0,1,33559
0,0,33559
1,1,33580
1,0,33580
0,1,33580
0,0,33580
2,1,33580
2,0,33580
0,1,33603
0,0,33603
0,1,33626
0,0,33626
0,1,33649
0,0,33649
0,1,33672
0,0,33672
1,1,33675
1,0,33675
2,1,33675
2,0,33675
0,1,33675
0,0,33675
0,1,33698
0,0,33698
0,1,33721
0,0,33721
0,1,33744
0,0,33744
0,1,33767
0,0,33767
1,1,33770
1,0,33770
2,1,33770
2,0,33770
0,1,33770
0,0,33770
0,1,33793
0,0,33793
0,1,33816
0,0,33816
0,1,33839
0,0,33839
0,1,33862
0,0,33862
2,1,33865
2,0,33865
1,1,33865
1,0,33865
0,1,33870
0,0,33870
0,1,33893
0,0,33893
0,1,33916
0,0,33916
0,1,33939
0,0,33939
1,1,33960
1,0,33960
0,1,33960
0,0,33960
2,1,33960
2,0,33960
0,1,33983
0,0,33983
0,1,34006
0,0,34006
0,1,34029
0,0,34029
0,1,34173
0,0,34173
0,1,34196
0,0,34196
0,1,34219
0,0,34219
0,1,34242
0,0,34242
1,1,34245
1,0,34245
2,1,34245
2,0,34245
0,1,34251
0,0,34251
0,1,34273
0,0,34273
0,1,34296
0,0,34296
0,1,34319
0,0,34319
1,1,34340
1,0,34340
0,1,34340
0,0,34340
2,1,34340
2,0,34340
0,1,34363
0,0,34363
0,1,34386
0,0,34386
0,1,34409
0,0,34409
0,1,34432
0,0,34432
1,1,34435
1,0,34435
2,1,34435
2,0,34435
0,1,34435
0,0,34435
0,1,34458
0,0,34458
0,1,34481
0,0,34481
0,1,34504
0,0,34504
0,1,34527
0,0,34527
1,1,34530
1,0,34530
2,1,34530
2,0,34530
0,1,34530
0,0,34530
0,1,34553
0,0,34553
0,1,34576
0,0,34576
0,1,34599
0,0,34599
0,1,34622
0,0,34622
1,1,34625
1,0,34626
2,1,34626
2,0,34626
0,1,34630
0,0,34630
0,1,34653
0,0,34653
0,1,34676
0,0,34676
0,1,34699
0,0,34699
1,1,34720
1,0,34720
0,1,34720
0,0,34720
2,1,34720
2,0,34720
0,1,34743
0,0,34743
0,1,34766
0,0,34766
0,1,34789
0,0,34789
0,1,34812
0,0,34812
1,1,34815
1,0,34815
2,1,34815
2,0,34815
0,1,34815
0,0,34815
0,1,34838
0,0,34838
0,1,34861
0,0,34861
0,1,34884
0,0,34884
0,1,34907
0,0,34907
1,1,34910
1,0,34910
2,1,34910
2,0,34910
0,1,34910
0,0,34910
0,1,34933
0,0,34933
0,1,34956
0,0,34956
0,1,34979
0,0,34979
0,1,35002
0,0,35002
1,1,35005
1,0,35005
2,1,35005
2,0,35005
0,1,35010
0,0,35010
0,1,35033
0,0,35033
0,1,35056
0,0,35056
0,1,35079
0,0,35079
1,1,35100
1,0,35100
0,1,35100
0,0,35100
2,1,35100
2,0,35100
0,1,35123
0,0,35123
0,1,35146
0,0,35146
0,1,35169
0,0,35169
0,1,35192
0,0,35192
1,1,35195
1,0,35195
2,1,35195
2,0,35195
0,1,35195
0,0,35195
0,1,35218
0,0,35218
0,1,35241
0,0,35241
0,1,35264
0,0,35264
0,1,35287
0,0,35287
1,1,35290
1,0,35290
2,1,35290
2,0,35290
0,1,35290
0,0,35290
0,1,35313
0,0,35313
0,1,35336
0,0,35336
0,1,35359
0,0,35359
0,1,35382
0,0,35382
1,1,35385
1,0,35385
2,1,35385
2,0,35385
0,1,35390
0,0,35390
0,1,35413
0,0,35413
0,1,35436
0,0,35436
0,1,35459
0,0,35459
1,1,35480
1,0,35480
0,1,35480
0,0,35480
2,1,35480
2,0,35480
0,1,35503
0,0,35503
0,1,35526
0,0,35526
0,1,35549
0,0,35549
0,1,35572
0,0,35572
1,1,35575
1,0,35575
2,1,35575
2,0,35575
0,1,35575
0,0,35575
0,1,35598
0,0,35598
0,1,35621
0,0,35621
0,1,35644
0,0,35644
0,1,35667
0,0,35667
1,1,35670
1,0,35670
2,1,35670
2,0,35670
0,1,35670
0,0,35670
0,1,35693
0,0,35693
0,1,35716
0,0,35716
0,1,35739
0,0,35739
0,1,35762
0,0,35762
1,1,35765
1,0,35765
2,1,35765
2,0,35765
0,1,35770
0,0,35770
0,1,35793
0,0,35793
0,1,35816
0,0,35816
0,1,35839
0,0,35839
1,1,35860
1,0,35860
0,1,35860
0,0,35860
2,1,35860
2,0,35860
0,1,35883
0,0,35883
0,1,35906
0,0,35906
0,1,35929
0,0,35929
0,1,36073
0,0,36073
0,1,36096
0,0,36096
0,1,36119
0,0,36119
0,1,36142
0,0,36142
1,1,36145
1,0,36145
2,1,36145
2,0,36145
0,1,36152
0,0,36152
0,1,36175
0,0,36175
0,1,36198
0,0,36198
0,1,36221
0,0,36221
1,1,36240
1,0,36240
0,1,36240
0,0,36240
2,1,36240
2,0,36240
0,1,36263
0,0,36263
0,1,36286
0,0,36286
0,1,36309
0,0,36309
0,1,36332
0,0,36332
1,1,36335
1,0,36335
2,1,36335
2,0,36335
0,1,36335
0,0,36335
0,1,36358
0,0,36358
0,1,36381
0,0,36381
0,1,36404
0,0,36404
0,1,36427
0,0,36427
1,1,36430
1,0,36430
2,1,36430
2,0,36430
0,1,36430
0,0,36430
0,1,36453
0,0,36453
0,1,36476
0,0,36476
0,1,36499
0,0,36499
0,1,36522
0,0,36522
1,1,36525
1,0,36525
2,1,36525
2,0,36525
0,1,36530
0,0,36530
0,1,36553
0,0,36553
0,1,36576
0,0,36576
0,1,36599
0,0,36599
1,1,36620
1,0,36620
0,1,36620
0,0,36620
2,1,36620
2,0,36620
0,1,36643
0,0,36643
0,1,36666
0,0,36666
0,1,36689
0,0,36689
0,1,36712
0,0,36712
1,1,36715
1,0,36715
2,1,36715
2,0,36715
0,1,36715
0,0,36715
0,1,36738
0,0,36738
0,1,36761
0,0,36761
0,1,36784
0,0,36784
0,1,36807
0,0,36807
1,1,36810
1,0,36810
2,1,36810
2,0,36810
0,1,36810
0,0,36810
0,1,36833
0,0,36833
0,1,36856
0,0,36856
0,1,36879
0,0,36879
0,1,36902
0,0,36902
1,1,36905
1,0,36905
2,1,36905
2,0,36905
0,1,36910
0,0,36910
0,1,36933
0,0,36933
0,1,36956
0,0,36956
0,1,36979
0,0,36979
1,1,37000
1,0,37000
0,1,37000
0,0,37000
2,1,37000
2,0,37000
0,1,37023
0,0,37023
0,1,37046
0,0,37046
0,1,37069
0,0,37069
0,1,37092
0,0,37092
1,1,37095
1,0,37095
2,1,37095
2,0,37095
0,1,37095
0,0,37095
0,1,37118
0,0,37118
0,1,37141
0,0,37141
0,1,37164
0,0,37164
0,1,37187
0,0,37187
1,1,37190
1,0,37190
2,1,37190
2,0,37190
0,1,37190
0,0,37190
0,1,37213
0,0,37213
0,1,37236
0,0,37236
0,1,37259
0,0,37259
0,1,37282
0,0,37282
1,1,37285
1,0,37285
2,1,37285
2,0,37285
0,1,37290
0,0,37290
0,1,37313
0,0,37313
0,1,37336
0,0,37336
0,1,37359
0,0,37359
1,1,37380
1,0,37380
0,1,37380
0,0,37380
2,1,37380
2,0,37380
0,1,37403
0,0,37403
0,1,37426
0,0,37426
0,1,37449
0,0,37449
0,1,37472
0,0,37472
1,1,37475
1,0,37475
2,1,37475
2,0,37475
0,1,37475
0,0,37475
0,1,37498
0,0,37498
0,1,37521
0,0,37521
0,1,37544
0,0,37544
0,1,37567
0,0,37567
1,1,37570
1,0,37570
2,1,37570
2,0,37570
0,1,37570
0,0,37570
0,1,37593
0,0,37593
0,1,37616
0,0,37616
0,1,37639
0,0,37639
0,1,37662
0,0,37662
1,1,37665
1,0,37665
2,1,37665
2,0,37665
0,1,37670
0,0,37670
0,1,37693
0,0,37693
0,1,37716
0,0,37716
0,1,37739
0,0,37739
1,1,37760
1,0,37760
0,1,37760
0,0,37760
2,1,37760
2,0,37760
0,1,37783
0,0,37783
0,1,37806
0,0,37806
0,1,37829
0,0,37829
0,1,37973
0,0,37973
0,1,37996
0,0,37996
0,1,38019
0,0,38019
0,1,38042
0,0,38042
1,1,38045
1,0,38045
2,1,38045
2,0,38045
0,1,38051
0,0,38051
0,1,38073
0,0,38073
0,1,38096
0,0,38096
0,1,38119
0,0,38119
1,1,38140
1,0,38140
0,1,38140
0,0,38140
2,1,38140
2,0,38140
0,1,38163
0,0,38163
0,1,38186
0,0,38186
0,1,38209
0,0,38209
0,1,38232
0,0,38232
1,1,38235
1,0,38235
2,1,38235
2,0,38235
0,1,38235
0,0,38235
0,1,38258
0,0,38258
0,1,38281
0,0,38281
0,1,38304
0,0,38304
0,1,38327
0,0,38327
1,1,38330
1,0,38330
2,1,38330
2,0,38330
0,1,38330
0,0,38330
0,1,38353
0,0,38353
0,1,38376
0,0,38376
0,1,38399
0,0,38399
0,1,38422
0,0,38422
1,1,38425
1,0,38425
2,1,38425
2,0,38425
0,1,38430
0,0,38430
0,1,38453
0,0,38453
0,1,38476
0,0,38476
0,1,38499
0,0,38499
1,1,38520
1,0,38520
0,1,38520
0,0,38520
2,1,38520
2,0,38520
0,1,38543
0,0,38543
0,1,38566
0,0,38566
0,1,38589
0,0,38589
0,1,38612
0,0,38612
2,1,38615
2,0,38615
1,1,38615
1,0,38615
0,1,38615
0,0,38615
0,1,38638
0,0,38638
0,1,38661
0,0,38661
0,1,38684
0,0,38684
0,1,38707
0,0,38707
1,1,38710
1,0,38710
2,1,38710
2,0,38710
0,1,38710
0,0,38710
0,1,38733
0,0,38733
0,1,38756
0,0,38756
0,1,38779
0,0,38779
0,1,38802
0,0,38802
1,1,38805
1,0,38805
2,1,38805
2,0,38805
0,1,38810
0,0,38810
0,1,38833
0,0,38833
0,1,38856
0,0,38856
0,1,38879
0,0,38879
1,1,38900
1,0,38900
0,1,38900
0,0,38900
2,1,38900
2,0,38900
0,1,38923
0,0,38923
0,1,38946
0,0,38946
0,1,38969
0,0,38969
0,1,38992
0,0,38992
1,1,38995
1,0,38995
2,1,38995
2,0,38995
0,1,38995
0,0,38995
0,1,39018
0,0,39018
0,1,39041
0,0,39041
0,1,39064
0,0,39064
0,1,39087
0,0,39087
1,1,39090
1,0,39090
2,1,39090
2,0,39090
0,1,39090
0,0,39090
0,1,39113
0,0,39113
0,1,39136
0,0,39136
0,1,39159
0,0,39159
0,1,39182
0,0,39182
1,1,39185
1,0,39185
2,1,39185
2,0,39185
0,1,39190
0,0,39190
0,1,39213
0,0,39213
0,1,39236
0,0,39236
0,1,39259
0,0,39259
1,1,39280
1,0,39280
0,1,39280
0,0,39280
2,1,39280
2,0,39280
0,1,39303
0,0,39303
0,1,39326
0,0,39326
0,1,39349
0,0,39349
0,1,39372
0,0,39372
1,1,39375
1,0,39375
2,1,39375
2,0,39375
0,1,39375
0,0,39375
0,1,39398
0,0,39398
0,1,39421
0,0,39421
0,1,39444
0,0,39444
0,1,39467
0,0,39467
1,1,39470
1,0,39470
2,1,39470
2,0,39470
0,1,39470
0,0,39470
0,1,39493
0,0,39493
0,1,39516
0,0,39516
0,1,39539
0,0,39539
0,1,39562
0,0,39562
1,1,39565
1,0,39565
2,1,39565
2,0,39565
0,1,39570
0,0,39570
0,1,39593
0,0,39593
0,1,39616
0,0,39616
0,1,39639
0,0,39639
1,1,39660
1,0,39660
0,1,39660
0,0,39660
2,1,39660
2,0,39660
0,1,39683
0,0,39683
0,1,39706
0,0,39706
0,1,39729
0,0,39729
0,1,39873
0,0,39873
0,1,39896
0,0,39896
0,1,39919
0,0,39919
0,1,39942
0,0,39942
1,1,39945
1,0,39945
2,1,39945
2,0,39945
0,1,39951
0,0,39951
0,1,39974
0,0,39974
0,1,39997
0,0,39997
0,1,40020
0,0,40020
1,1,40040
1,0,40040
0,1,40040
0,0,40040
2,1,40040
2,0,40040
0,1,40063
0,0,40063
0,1,40086
0,0,40086
0,1,40109
0,0,40109
0,1,40132
0,0,40132
1,1,40135
1,0,40135
2,1,40135
2,0,40135
0,1,40135
0,0,40135
0,1,40158
0,0,40158
0,1,40181
0,0,40181
0,1,40204
0,0,40204
0,1,40227
0,0,40227
1,1,40230
1,0,40230
2,1,40230
2,0,40230
0,1,40230
0,0,40230
0,1,40253
0,0,40253
0,1,40276
0,0,40276
0,1,40299
0,0,40299
0,1,40322
0,0,40322
1,1,40325
1,0,40325
2,1,40325
2,0,40325
0,1,40330
0,0,40330
0,1,40353
0,0,40353
0,1,40376
0,0,40376
0,1,40399
0,0,40399
1,1,40420
1,0,40420
2,1,40420
0,1,40420
0,0,40420
2,0,40420
0,1,40443
0,0,40443
0,1,40466
0,0,40466
0,1,40489
0,0,40489
0,1,40512
0,0,40512
1,1,40515
1,0,40515
2,1,40515
2,0,40515
0,1,40515
0,0,40515
0,1,40538
0,0,40538
0,1,40561
0,0,40561
0,1,40584
0,0,40584
0,1,40607
0,0,40607
1,1,40610
1,0,40610
2,1,40610
2,0,40610
0,1,40610
0,0,40610
0,1,40633
0,0,40633
0,1,40656
0,0,40656
0,1,40679
0,0,40679
0,1,40702
0,0,40702
1,1,40705
1,0,40705
2,1,40705
2,0,40705
0,1,40710
0,0,40710
0,1,40733
0,0,40733
0,1,40756
0,0,40756
0,1,40779
0,0,40779
1,1,40800
1,0,40800
0,1,40800
0,0,40800
2,1,40800
2,0,40800
0,1,40823
0,0,40823
0,1,40846
0,0,40846
0,1,40869
0,0,40869
0,1,40892
0,0,40892
1,1,40895
1,0,40895
2,1,40895
2,0,40895
0,1,40895
0,0,40895
0,1,40918
0,0,40918
0,1,40941
0,0,40941
0,1,40964
0,0,40964
0,1,40987
0,0,40987
1,1,40990
1,0,40990
2,1,40990
2,0,40990
0,1,40990
0,0,40990
0,1,41013
0,0,41013
0,1,41036
0,0,41036
0,1,41059
0,0,41059
0,1,41082
0,0,41082
1,1,41085
1,0,41085
2,1,41085
2,0,41085
0,1,41090
0,0,41090
0,1,41113
0,0,41113
0,1,41136
0,0,41136
0,1,41159
0,0,41159
1,1,41180
1,0,41180
0,1,41180
0,0,41180
2,1,41180
2,0,41180
0,1,41203
0,0,41203
0,1,41226
0,0,41226
0,1,41249
0,0,41249
0,1,41272
0,0,41272
1,1,41275
1,0,41275
2,1,41275
2,0,41275
0,1,41275
0,0,41275
0,1,41298
0,0,41298
0,1,41321
0,0,41321
0,1,41344
0,0,41344
0,1,41367
0,0,41367
1,1,41370
1,0,41370
2,1,41370
2,0,41370
0,1,41370
0,0,41370
0,1,41393
0,0,41393
0,1,41416
0,0,41416
0,1,41439
0,0,41439
0,1,41462
0,0,41462
1,1,41465
1,0,41465
2,1,41465
2,0,41465
0,1,41470
0,0,41470
0,1,41493
0,0,41493
0,1,41516
0,0,41516
0,1,41539
0,0,41539
1,1,41560
1,0,41560
0,1,41560
0,0,41560
2,1,41560
2,0,41560
0,1,41583
0,0,41583
0,1,41606
0,0,41606
0,1,41629
0,0,41629
0,1,41773
0,0,41773
0,1,41796
0,0,41796
0,1,41819
0,0,41819
0,1,41842
0,0,41842
1,1,41845
1,0,41845
2,1,41845
2,0,41845
0,1,41851
0,0,41851
0,1,41873
0,0,41873
0,1,41896
0,0,41896
0,1,41919
0,0,41919
1,1,41940
1,0,41940
0,1,41940
0,0,41940
2,1,41940
2,0,41940
0,1,41963
0,0,41963
0,1,41986
0,0,41986
0,1,42009
0,0,42009
0,1,42032
0,0,42032
1,1,42035
1,0,42035
2,1,42035
2,0,42035
0,1,42035
0,0,42035
0,1,42058
0,0,42058
0,1,42081
0,0,42081
0,1,42104
0,0,42104
0,1,42127
0,0,42127
1,1,42130
1,0,42130
2,1,42130
2,0,42130
0,1,42130
0,0,42130
0,1,42153
0,0,42153
0,1,42176
0,0,42176
0,1,42199
0,0,42199
0,1,42222
0,0,42222
1,1,42225
1,0,42225
2,1,42225
2,0,42225
0,1,42230
0,0,42230
0,1,42253
0,0,42253
0,1,42276
0,0,42276
0,1,42299
0,0,42299
1,1,42320
1,0,42320
0,1,42320
0,0,42320
2,1,42320
2,0,42320
0,1,42343
0,0,42343
0,1,42366
0,0,42366
0,1,42389
0,0,42389
0,1,42412
0,0,42412
1,1,42415
1,0,42415
2,1,42415
2,0,42415
0,1,42415
0,0,42415
0,1,42438
0,0,42438
0,1,42461
0,0,42461
0,1,42484
0,0,42484
0,1,42507
0,0,42507
1,1,42510
1,0,42510
2,1,42510
2,0,42510
0,1,42510
0,0,42510
0,1,42533
0,0,42533
0,1,42556
0,0,42556
0,1,42579
0,0,42579
0,1,42602
0,0,42602
1,1,42605
1,0,42605
2,1,42605
2,0,42605
0,1,42610
0,0,42610
0,1,42633
0,0,42633
0,1,42656
0,0,42656
0,1,42679
0,0,42679
1,1,42700
1,0,42700
0,1,42700
0,0,42700
2,1,42700
2,0,42700
0,1,42723
0,0,42723
0,1,42746
0,0,42746
0,1,42769
0,0,42769
0,1,42792
0,0,42792
1,1,42795
1,0,42795
2,1,42795
2,0,42795
0,1,42795
0,0,42795
0,1,42818
0,0,42818
0,1,42841
0,0,42841
0,1,42864
0,0,42864
0,1,42887
0,0,42887
1,1,42890
1,0,42890
2,1,42890
2,0,42890
0,1,42890
0,0,42890
0,1,42913
0,0,42913
0,1,42936
0,0,42936
0,1,42959
0,0,42959
0,1,42982
0,0,42982
1,1,42985
1,0,42985
2,1,42985
2,0,42985
0,1,42990
0,0,42990
0,1,43013
0,0,43013
0,1,43036
0,0,43036
0,1,43059
0,0,43059
1,1,43080
1,0,43080
0,1,43080
0,0,43080
2,1,43080
2,0,43080
0,1,43103
0,0,43103
0,1,43126
0,0,43126
0,1,43149
0,0,43149
0,1,43172
0,0,43172
1,1,43175
1,0,43175
2,1,43175
2,0,43175
0,1,43175
0,0,43175
0,1,43198
0,0,43198
0,1,43221
0,0,43221
0,1,43244
0,0,43244
0,1,43267
0,0,43267
1,1,43270
1,0,43270
2,1,43270
2,0,43270
0,1,43270
0,0,43270
0,1,43293
0,0,43293
0,1,43316
0,0,43316
0,1,43339
0,0,43339
0,1,43362
0,0,43362
2,1,43365
2,0,43365
1,1,43365
1,0,43365
0,1,43370
0,0,43370
0,1,43393
0,0,43393
0,1,43416
0,0,43416
0,1,43439
0,0,43439
1,1,43460
1,0,43460
0,1,43460
0,0,43460
2,1,43460
2,0,43460
0,1,43483
0,0,43483
0,1,43506
0,0,43506
0,1,43529
0,0,43529
0,1,43673
0,0,43673
0,1,43696
0,0,43696
0,1,43719
0,0,43719
0,1,43742
0,0,43742
1,1,43745
1,0,43745
2,1,43745
2,0,43745
0,1,43751
0,0,43751
0,1,43773
0,0,43773
0,1,43796
0,0,43796
0,1,43819
0,0,43819
1,1,43840
1,0,43840
0,1,43840
0,0,43840
2,1,43840
2,0,43840
0,1,43863
0,0,43863
0,1,43886
0,0,43886
0,1,43909
0,0,43909
0,1,43932
0,0,43932
1,1,43935
1,0,43935
2,1,43935
2,0,43935
0,1,43935
0,0,43935
0,1,43958
0,0,43958
0,1,43981
0,0,43981
0,1,44004
0,0,44004
0,1,44027
0,0,44027
1,1,44030
1,0,44030
2,1,44030
2,0,44030
0,1,44030
0,0,44030
0,1,44053
0,0,44053
0,1,44076
0,0,44076
0,1,44099
0,0,44099
0,1,44122
0,0,44122
1,1,44125
1,0,44125
2,1,44125
2,0,44125
0,1,44130
0,0,44130
0,1,44153
0,0,44153
0,1,44176
0,0,44176
0,1,44199
0,0,44199
1,1,44220
1,0,44220
0,1,44220
0,0,44220
2,1,44220
2,0,44220
0,1,44243
0,0,44243
0,1,44266
0,0,44266
0,1,44289
0,0,44289
0,1,44312
0,0,44312
1,1,44315
1,0,44315
2,1,44315
2,0,44315
0,1,44315
0,0,44315
0,1,44338
0,0,44338
0,1,44361
0,0,44361
0,1,44384
0,0,44384
0,1,44407
0,0,44407
1,1,44410
1,0,44410
2,1,44410
2,0,44410
0,1,44410
0,0,44410
0,1,44433
0,0,44433
0,1,44456
0,0,44456
0,1,44479
0,0,44479
0,1,44502
0,0,44502
1,1,44505
1,0,44505
2,1,44505
2,0,44505
0,1,44510
0,0,44510
0,1,44533
0,0,44533
0,1,44556
0,0,44556
0,1,44579
0,0,44579
1,1,44600
1,0,44600
0,1,44600
0,0,44600
2,1,44600
2,0,44600
0,1,44623
0,0,44623
0,1,44646
0,0,44646
0,1,44669
0,0,44669
0,1,44692
0,0,44692
1,1,44695
1,0,44695
2,1,44695
2,0,44695
0,1,44695
0,0,44695
0,1,44718
0,0,44718
0,1,44741
0,0,44741
0,1,44764
0,0,44764
0,1,44787
0,0,44787
1,1,44790
1,0,44790
2,1,44790
2,0,44790
0,1,44790
0,0,44790
0,1,44813
0,0,44813
0,1,44836
0,0,44836
0,1,44859
0,0,44859
0,1,44882
0,0,44882
1,1,44885
1,0,44885
2,1,44885
2,0,44885
0,1,44890
0,0,44890
0,1,44913
0,0,44913
0,1,44936
0,0,44936
0,1,44959
0,0,44959
1,1,44980
1,0,44980
0,1,44980
0,0,44980
2,1,44980
2,0,44980
0,1,45003
0,0,45003
0,1,45026
0,0,45026
0,1,45049
0,0,45049
0,1,45072
0,0,45072
1,1,45075
1,0,45075
2,1,45075
2,0,45075
0,1,45075
0,0,45075
0,1,45098
0,0,45098
0,1,45121
0,0,45121
0,1,45144
0,0,45144
0,1,45167
0,0,45167
1,1,45170
1,0,45170
2,1,45170
2,0,45170
0,1,45170
0,0,45170
0,1,45193
0,0,45193
0,1,45216
0,0,45216
0,1,45239
0,0,45239
0,1,45262
0,0,45262
1,1,45265
1,0,45265
2,1,45265
2,0,45265
0,1,45270
0,0,45270
0,1,45293
0,0,45293
0,1,45316
0,0,45316
0,1,45339
0,0,45339
1,1,45360
1,0,45360
0,1,45360
0,0,45360
2,1,45360
2,0,45360
0,1,45383
0,0,45383
0,1,45406
0,0,45406
0,1,45429
0,0,45429
0,1,45573
0,0,45573
0,1,45596
0,0,45596
0,1,45619
0,0,45619
0,1,45642
0,0,45642
1,1,45645
1,0,45645
2,1,45645
2,0,45645
0,1,45651
0,0,45651
0,1,45673
0,0,45673
0,1,45696
0,0,45696
0,1,45719
0,0,45719
1,1,45740
1,0,45740
0,1,45740
0,0,45740
2,1,45740
2,0,45740
0,1,45763
0,0,45763
0,1,45786
0,0,45786
0,1,45809
0,0,45809
0,1,45832
0,0,45832
1,1,45835
1,0,45835
2,1,45835
2,0,45835
0,1,45835
0,0,45835
0,1,45858
0,0,45858
0,1,45881
0,0,45881
0,1,45904
0,0,45904
0,1,45927
0,0,45927
1,1,45930
1,0,45930
2,1,45930
2,0,45930
0,1,45930
0,0,45930
0,1,45953
0,0,45953
0,1,45976
0,0,45976
0,1,45999
0,0,45999
0,1,46022
0,0,46022
1,1,46025
1,0,46025
2,1,46025
2,0,46025
0,1,46030
0,0,46030
0,1,46053
0,0,46053
0,1,46076
0,0,46076
0,1,46099
0,0,46099
1,1,46120
1,0,46120
0,1,46120
0,0,46120
2,1,46120
2,0,46120
0,1,46143
0,0,46143
0,1,46166
0,0,46166
0,1,46189
0,0,46189
0,1,46212
0,0,46212
1,1,46215
1,0,46215
2,1,46215
2,0,46215
0,1,46215
0,0,46215
0,1,46238
0,0,46238
0,1,46261
0,0,46261
0,1,46284
0,0,46284
0,1,46307
0,0,46307
1,1,46310
1,0,46310
2,1,46310
2,0,46310
0,1,46310
0,0,46310
0,1,46333
0,0,46333
0,1,46356
0,0,46356
0,1,46379
0,0,46379
0,1,46402
0,0,46402
1,1,46405
1,0,46405
2,1,46405
2,0,46405
0,1,46410
0,0,46410
0,1,46433
0,0,46433
0,1,46456
0,0,46456
0,1,46479
0,0,46479
1,1,46500
1,0,46500
0,1,46500
0,0,46500
2,1,46500
2,0,46500
0,1,46523
0,0,46523
0,1,46546
0,0,46546
0,1,46569
0,0,46569
0,1,46592
0,0,46592
1,1,46595
1,0,46595
2,1,46595
2,0,46595
0,1,46595
0,0,46595
0,1,46618
0,0,46618
0,1,46641
0,0,46641
0,1,46664
0,0,46664
0,1,46687
0,0,46687
1,1,46690
1,0,46690
2,1,46690
2,0,46690
0,1,46690
0,0,46690
0,1,46713
0,0,46713
0,1,46736
0,0,46736
0,1,46759
0,0,46759
0,1,46782
0,0,46782
1,1,46785
1,0,46785
2,1,46785
2,0,46785
0,1,46790
0,0,46790
0,1,46813
0,0,46813
0,1,46836
0,0,46836
0,1,46859
0,0,46859
1,1,46880
1,0,46880
0,1,46880
0,0,46880
2,1,46880
2,0,46880
0,1,46903
0,0,46903
0,1,46926
0,0,46926
0,1,46949
0,0,46949
0,1,46972
0,0,46972
1,1,46975
1,0,46975
2,1,46975
2,0,46975
0,1,46975
0,0,46975
0,1,46998
0,0,46998
0,1,47021
0,0,47021
0,1,47044
0,0,47044
0,1,47067
0,0,47067
1,1,47070
1,0,47070
2,1,47070
2,0,47070
0,1,47070
0,0,47070
0,1,47093
0,0,47093
0,1,47116
0,0,47116
0,1,47139
0,0,47139
0,1,47162
0,0,47162
1,1,47165
1,0,47165
2,1,47165
2,0,47165
0,1,47170
0,0,47170
0,1,47193
0,0,47193
0,1,47216
0,0,47216
0,1,47239
0,0,47239
1,1,47260
1,0,47260
0,1,47260
0,0,47260
2,1,47260
2,0,47260
0,1,47283
0,0,47283
0,1,47306
0,0,47306
0,1,47329
0,0,47329
0,1,47473
0,0,47473
0,1,47496
0,0,47496
0,1,47519
0,0,47519
0,1,47542
0,0,47542
1,1,47545
1,0,47545
2,1,47545
2,0,47545
0,1,47551
0,0,47551
0,1,47573
0,0,47573
0,1,47596
0,0,47596
0,1,47619
0,0,47619
1,1,47640
1,0,47640
0,1,47640
0,0,47640
2,1,47640
2,0,47640
0,1,47663
0,0,47663
0,1,47686
0,0,47686
0,1,47709
0,0,47709
0,1,47732
0,0,47732
1,1,47735
1,0,47735
2,1,47735
2,0,47735
0,1,47735
0,0,47735
0,1,47758
0,0,47758
0,1,47781
0,0,47781
0,1,47804
0,0,47804
0,1,47827
0,0,47827
1,1,47830
1,0,47830
2,1,47830
2,0,47830
0,1,47830
0,0,47830
0,1,47853
0,0,47853
0,1,47876
0,0,47876
0,1,47899
0,0,47899
0,1,47922
0,0,47922
1,1,47925
1,0,47925
2,1,47925
2,0,47925
0,1,47930
0,0,47930
0,1,47953
0,0,47953
0,1,47976
0,0,47976
0,1,47999
0,0,47999
1,1,48020
1,0,48020
0,1,48020
0,0,48020
2,1,48020
2,0,48020
0,1,48043
0,0,48043
0,1,48066
0,0,48066
0,1,48089
0,0,48089
0,1,48112
0,0,48112
2,1,48115
2,0,48115
1,1,48115
1,0,48115
0,1,48115
0,0,48115
0,1,48138
0,0,48138
0,1,48161
0,0,48161
0,1,48184
0,0,48184
0,1,48207
0,0,48207
1,1,48210
1,0,48210
2,1,48210
2,0,48210
0,1,48210
0,0,48210
0,1,48233
0,0,48233
0,1,48256
0,0,48256
0,1,48279
0,0,48279
0,1,48302
0,0,48302
1,1,48305
1,0,48305
2,1,48305
2,0,48305
0,1,48310
0,0,48310
0,1,48333
0,0,48333
0,1,48356
0,0,48356
0,1,48379
0,0,48379
1,1,48400
1,0,48400
0,1,48400
0,0,48400
2,1,48400
2,0,48400
0,1,48423
0,0,48423
0,1,48446
0,0,48446
0,1,48469
0,0,48469
0,1,48492
0,0,48492
1,1,48495
1,0,48495
2,1,48495
2,0,48495
0,1,48495
0,0,48495
0,1,48518
0,0,48518
0,1,48541
0,0,48541
0,1,48564
0,0,48564
0,1,48587
0,0,48587
1,1,48590
1,0,48590
2,1,48590
2,0,48590
0,1,48590
0,0,48590
0,1,48613
0,0,48613
0,1,48636
0,0,48636
0,1,48659
0,0,48659
0,1,48682
0,0,48682
1,1,48685
1,0,48685
2,1,48685
2,0,48685
0,1,48690
0,0,48690
0,1,48713
0,0,48713
0,1,48736
0,0,48736
0,1,48759
0,0,48759
1,1,48780
1,0,48780
0,1,48780
0,0,48780
2,1,48780
2,0,48780
0,1,48803
0,0,48803
0,1,48826
0,0,48826
0,1,48849
0,0,48849
0,1,48872
0,0,48872
1,1,48875
1,0,48875
2,1,48875
2,0,48875
0,1,48875
0,0,48875
0,1,48898
0,0,48898
0,1,48921
0,0,48921
0,1,48944
0,0,48944
0,1,48967
0,0,48967
1,1,48970
1,0,48970
2,1,48970
2,0,48970
0,1,48970
0,0,48970
0,1,48993
0,0,48993
0,1,49016
0,0,49016
0,1,49039
0,0,49039
0,1,49062
0,0,49062
1,1,49065
1,0,49065
2,1,49065
2,0,49065
0,1,49070
0,0,49070
0,1,49093
0,0,49093
0,1,49116
0,0,49116
0,1,49139
0,0,49139
2,1,49160
2,0,49160
1,1,49160
1,0,49160
0,1,49160
0,0,49160
0,1,49183
0,0,49183
0,1,49206
0,0,49206
0,1,49229
0,0,49229
0,1,49373
0,0,49373
0,1,49396
0,0,49396
0,1,49419
0,0,49419
0,1,49442
0,0,49442
1,1,49445
1,0,49445
2,1,49445
2,0,49445
0,1,49451
0,0,49451
0,1,49473
0,0,49473
0,1,49496
0,0,49496
0,1,49519
0,0,49519
1,1,49540
1,0,49540
0,1,49540
0,0,49540
2,1,49540
2,0,49540
0,1,49563
0,0,49563
0,1,49586
0,0,49586
0,1,49609
0,0,49609
0,1,49632
0,0,49632
1,1,49635
1,0,49635
2,1,49635
2,0,49635
0,1,49635
0,0,49635
0,1,49658
0,0,49658
0,1,49681
0,0,49681
0,1,49704
0,0,49704
0,1,49727
0,0,49727
1,1,49730
2,1,49730
2,0,49730
1,0,49730
0,1,49730
0,0,49730
0,1,49753
0,0,49753
0,1,49776
0,0,49776
0,1,49799
0,0,49799
0,1,49822
0,0,49822
1,1,49825
1,0,49825
2,1,49825
2,0,49825
0,1,49830
0,0,49830
0,1,49853
0,0,49853
0,1,49876
0,0,49876
0,1,49899
0,0,49899
1,1,49920
1,0,49920
0,1,49920
0,0,49920
2,1,49920
2,0,49920
0,1,49943
0,0,49943
0,1,49966
0,0,49966
0,1,49989
0,0,49989
0,1,50012
0,0,50012
1,1,50015
1,0,50015
2,1,50015
2,0,50015
0,1,50015
0,0,50015
0,1,50038
0,0,50038
0,1,50061
0,0,50061
0,1,50084
0,0,50084
0,1,50107
0,0,50107
1,1,50110
1,0,50110
2,1,50110
2,0,50110
0,1,50110
0,0,50110
0,1,50133
0,0,50133
0,1,50156
0,0,50156
0,1,50179
0,0,50179
0,1,50202
0,0,50202
1,1,50205
1,0,50205
2,1,50205
2,0,50205
0,1,50210
0,0,50210
0,1,50233
0,0,50233
0,1,50256
0,0,50256
0,1,50279
0,0,50279
1,1,50300
1,0,50300
0,1,50300
0,0,50300
2,1,50300
2,0,50300
0,1,50323
0,0,50323
0,1,50346
0,0,50346
0,1,50369
0,0,50369
0,1,50392
0,0,50392
1,1,50395
1,0,50395
2,1,50395
2,0,50395
0,1,50395
0,0,50395
0,1,50418
0,0,50418
0,1,50441
0,0,50441
0,1,50464
0,0,50464
0,1,50487
0,0,50487
1,1,50490
1,0,50490
2,1,50490
2,0,50490
0,1,50490
0,0,50490
0,1,50513
0,0,50513
0,1,50536
0,0,50536
0,1,50559
0,0,50559
0,1,50582
0,0,50582
1,1,50585
1,0,50585
2,1,50585
2,0,50585
0,1,50590
0,0,50590
0,1,50613
0,0,50613
0,1,50636
0,0,50636
0,1,50659
0,0,50659
1,1,50680
1,0,50680
0,1,50680
0,0,50680
2,1,50680
2,0,50680
0,1,50703
0,0,50703
0,1,50726
0,0,50726
0,1,50749
0,0,50749
0,1,50772
0,0,50772
1,1,50775
1,0,50775
2,1,50775
2,0,50775
0,1,50775
0,0,50775
0,1,50798
0,0,50798
0,1,50821
0,0,50821
0,1,50844
0,0,50844
0,1,50867
0,0,50867
1,1,50870
1,0,50870
2,1,50870
2,0,50870
0,1,50870
0,0,50870
0,1,50893
0,0,50893
0,1,50916
0,0,50916
0,1,50939
0,0,50939
0,1,50962
0,0,50962
1,1,50965
1,0,50965
2,1,50965
2,0,50965
0,1,50970
0,0,50970
0,1,50993
0,0,50993
0,1,51016
0,0,51016
0,1,51039
0,0,51039
1,1,51060
1,0,51060
0,1,51060
0,0,51060
2,1,51060
2,0,51060
0,1,51083
0,0,51083
0,1,51106
0,0,51106
0,1,51129
0,0,51129
0,1,51152
0,0,51152
1,1,51155
1,0,51155
2,1,51155
2,0,51155
0,1,51155
0,0,51155
0,1,51178
0,0,51178
0,1,51201
0,0,51201
0,1,51224
0,0,51224
0,1,51247
0,0,51247
1,1,51250
1,0,51250
2,1,51250
2,0,51250
0,1,51250
0,0,51250
0,1,51351
0,0,51351
0,1,51373
0,0,51373
0,1,51396
0,0,51396
0,1,51419
0,0,51419
1,1,51440
1,0,51440
0,1,51440
0,0,51440
2,1,51440
2,0,51440
0,1,51463
0,0,51463
0,1,51486
0,0,51486
0,1,51509
0,0,51509
0,1,51532
0,0,51532
1,1,51535
1,0,51535
2,1,51535
2,0,51535
0,1,51535
0,0,51535
0,1,51558
0,0,51558
0,1,51581
0,0,51581
0,1,51604
0,0,51604
0,1,51627
0,0,51627
1,1,51630
1,0,51630
2,1,51630
2,0,51630
0,1,51630
0,0,51630
0,1,51653
0,0,51653
0,1,51676
0,0,51676
0,1,51699
0,0,51699
0,1,51722
0,0,51722
1,1,51725
1,0,51725
2,1,51725
2,0,51725
0,1,51730
0,0,51730
0,1,51753
0,0,51753
0,1,51776
0,0,51776
0,1,51799
0,0,51799
1,1,51820
1,0,51820
0,1,51820
0,0,51820
2,1,51820
2,0,51820
0,1,51843
0,0,51843
0,1,51866
0,0,51866
0,1,51889
0,0,51889
0,1,51912
0,0,51912
1,1,51915
1,0,51915
2,1,51915
2,0,51915
0,1,51915
0,0,51915
0,1,51938
0,0,51938
0,1,51961
0,0,51961
0,1,51984
0,0,51984
0,1,52007
0,0,52007
1,1,52010
1,0,52010
2,1,52010
2,0,52010
0,1,52010
0,0,52010
0,1,52033
0,0,52033
0,1,52056
0,0,52056
0,1,52079
0,0,52079
0,1,52102
0,0,52102
1,1,52105
1,0,52105
2,1,52105
2,0,52105
0,1,52110
0,0,52110
0,1,52133
0,0,52133
0,1,52156
0,0,52156
0,1,52179
0,0,52179
1,1,52200
1,0,52200
0,1,52200
0,0,52200
2,1,52200
2,0,52200
0,1,52223
0,0,52223
0,1,52246
0,0,52246
0,1,52269
0,0,52269
0,1,52292
0,0,52292
1,1,52295
1,0,52295
2,1,52295
2,0,52295
0,1,52295
0,0,52295
0,1,52318
0,0,52318
0,1,52341
0,0,52341
0,1,52364
0,0,52364
0,1,52387
0,0,52387
1,1,52390
1,0,52390
2,1,52390
2,0,52390
0,1,52390
0,0,52390
0,1,52413
0,0,52413
0,1,52436
0,0,52436
0,1,52459
0,0,52459
0,1,52482
0,0,52482
1,1,52485
1,0,52485
2,1,52485
2,0,52485
0,1,52490
0,0,52490
0,1,52513
0,0,52513
0,1,52536
0,0,52536
0,1,52559
0,0,52559
1,1,52580
1,0,52580
0,1,52580
0,0,52580
2,1,52580
2,0,52580
0,1,52603
0,0,52603
0,1,52626
0,0,52626
0,1,52649
0,0,52649
0,1,52672
0,0,52672
1,1,52675
1,0,52675
2,1,52675
2,0,52675
0,1,52675
0,0,52675
0,1,52698
0,0,52698
0,1,52721
0,0,52721
0,1,52744
0,0,52744
0,1,52767
0,0,52767
1,1,52770
1,0,52770
2,1,52770
2,0,52770
0,1,52770
0,0,52770
0,1,52793
0,0,52793
0,1,52816
0,0,52816
0,1,52839
0,0,52839
0,1,52862
0,0,52862
2,1,52865
2,0,52865
1,1,52865
1,0,52865
0,1,52870
0,0,52870
0,1,52893
0,0,52893
0,1,52916
0,0,52916
0,1,52939
0,0,52939
1,1,52960
1,0,52960
0,1,52960
0,0,52960
2,1,52960
2,0,52960
0,1,52983
0,0,52983
0,1,53006
0,0,53006
0,1,53029
0,0,53029
0,1,53173
0,0,53173
0,1,53196
0,0,53196
0,1,53219
0,0,53219
0,1,53242
0,0,53242
1,1,53245
1,0,53245
2,1,53245
2,0,53245
0,1,53251
0,0,53251
0,1,53273
0,0,53273
0,1,53296
0,0,53296
0,1,53319
0,0,53319
1,1,53340
1,0,53340
0,1,53340
0,0,53340
2,1,53340
2,0,53340
0,1,53363
0,0,53363
0,1,53386
0,0,53386
0,1,53409
0,0,53409
0,1,53432
0,0,53432
1,1,53435
1,0,53435
2,1,53435
2,0,53435
0,1,53435
0,0,53435
0,1,53458
0,0,53458
0,1,53481
0,0,53481
0,1,53504
0,0,53504
0,1,53527
0,0,53527
1,1,53530
1,0,53530
2,1,53530
2,0,53530
0,1,53530
0,0,53530
0,1,53553
0,0,53553
0,1,53576
0,0,53576
0,1,53599
0,0,53599
0,1,53622
0,0,53622
1,1,53625
1,0,53625
2,1,53625
2,0,53625
0,1,53630
0,0,53630
0,1,53653
0,0,53653
0,1,53676
0,0,53676
0,1,53699
0,0,53699
1,1,53720
1,0,53720
0,1,53720
0,0,53720
2,1,53720
2,0,53720
0,1,53743
0,0,53743
0,1,53766
0,0,53766
0,1,53789
0,0,53789
0,1,53812
0,0,53812
1,1,53815
1,0,53815
2,1,53815
2,0,53815
0,1,53815
0,0,53815
0,1,53838
0,0,53838
0,1,53861
0,0,53861
0,1,53884
0,0,53884
0,1,53907
0,0,53907
1,1,53910
1,0,53910
2,1,53910
2,0,53910
0,1,53910
0,0,53910
0,1,53933
0,0,53933
0,1,53956
0,0,53956
0,1,53979
0,0,53979
0,1,54002
0,0,54002
1,1,54005
1,0,54005
2,1,54005
2,0,54005
0,1,54010
0,0,54010
0,1,54033
0,0,54033
0,1,54056
0,0,54056
0,1,54079
0,0,54079
1,1,54100
1,0,54100
0,1,54100
0,0,54100
2,1,54100
2,0,54100
0,1,54123
0,0,54123
0,1,54146
0,0,54146
0,1,54169
0,0,54169
0,1,54192
0,0,54192
1,1,54195
1,0,54195
2,1,54195
2,0,54195
0,1,54195
0,0,54195
0,1,54218
0,0,54218
0,1,54241
0,0,54241
0,1,54264
0,0,54264
0,1,54287
0,0,54287
1,1,54290
1,0,54290
2,1,54290
2,0,54290
0,1,54290
0,0,54290
0,1,54313
0,0,54313
0,1,54336
0,0,54336
0,1,54359
0,0,54359
0,1,54382
0,0,54382
1,1,54385
1,0,54385
2,1,54385
2,0,54385
0,1,54390
0,0,54390
0,1,54413
0,0,54413
0,1,54436
0,0,54436
0,1,54459
0,0,54459
1,1,54480
1,0,54480
0,1,54480
0,0,54480
2,1,54480
2,0,54480
0,1,54503
0,0,54503
0,1,54526
0,0,54526
0,1,54549
0,0,54549
0,1,54572
0,0,54572
1,1,54575
1,0,54575
2,1,54575
2,0,54575
0,1,54575
0,0,54575
0,1,54598
0,0,54598
0,1,54621
0,0,54621
0,1,54644
0,0,54644
0,1,54667
0,0,54667
1,1,54670
1,0,54670
2,1,54670
2,0,54670
0,1,54670
0,0,54670
0,1,54693
0,0,54693
0,1,54716
0,0,54716
0,1,54739
0,0,54739
0,1,54762
0,0,54762
1,1,54765
1,0,54765
2,1,54765
2,0,54765
0,1,54770
0,0,54770
0,1,54793
0,0,54793
0,1,54816
0,0,54816
0,1,54839
0,0,54839
1,1,54860
1,0,54860
0,1,54860
0,0,54860
2,1,54860
2,0,54860
0,1,54883
0,0,54883
0,1,54906
0,0,54906
0,1,54929
0,0,54929
0,1,55073
0,0,55073
0,1,55096
0,0,55096
0,1,55119
0,0,55119
0,1,55142
0,0,55142
1,1,55145
1,0,55145
2,1,55145
2,0,55145
0,1,55151
0,0,55151
0,1,55173
0,0,55173
0,1,55196
0,0,55196
0,1,55219
0,0,55219
1,1,55240
1,0,55240
0,1,55240
0,0,55240
2,1,55240
2,0,55240
0,1,55263
0,0,55263
0,1,55286
0,0,55286
0,1,55309
0,0,55309
0,1,55332
0,0,55332
1,1,55335
1,0,55335
2,1,55335
2,0,55335
0,1,55335
0,0,55335
0,1,55358
0,0,55358
0,1,55381
0,0,55381
0,1,55404
0,0,55404
0,1,55427
0,0,55427
1,1,55430
1,0,55430
2,1,55430
2,0,55430
0,1,55430
0,0,55430
0,1,55453
0,0,55453
0,1,55476
0,0,55476
0,1,55499
0,0,55499
0,1,55522
0,0,55522
1,1,55525
1,0,55525
2,1,55525
2,0,55525
0,1,55530
0,0,55530
0,1,55553
0,0,55553
0,1,55576
0,0,55576
0,1,55599
0,0,55599
1,1,55620
1,0,55620
0,1,55620
0,0,55620
2,1,55620
2,0,55620
0,1,55643
0,0,55643
0,1,55666
0,0,55666
0,1,55689
0,0,55689
0,1,55712
0,0,55712
1,1,55715
1,0,55715
2,1,55715
2,0,55715
0,1,55715
0,0,55715
0,1,55738
0,0,55738
0,1,55761
0,0,55761
0,1,55784
0,0,55784
0,1,55807
0,0,55807
1,1,55810
1,0,55810
2,1,55810
2,0,55810
0,1,55810
0,0,55810
0,1,55833
0,0,55833
0,1,55856
0,0,55856
0,1,55879
0,0,55879
0,1,55902
0,0,55902
1,1,55905
1,0,55905
2,1,55905
2,0,55905
0,1,55910
0,0,55910
0,1,55933
0,0,55933
0,1,55956
0,0,55956
0,1,55979
0,0,55979
1,1,56000
1,0,56000
0,1,56000
0,0,56000
2,1,56000
2,0,56000
0,1,56023
0,0,56023
0,1,56046
0,0,56046
0,1,56069
0,0,56069
0,1,56092
0,0,56092
1,1,56095
1,0,56095
2,1,56095
2,0,56095
0,1,56095
0,0,56095
0,1,56118
0,0,56118
0,1,56141
0,0,56141
0,1,56164
0,0,56164
0,1,56187
0,0,56187
1,1,56190
1,0,56190
2,1,56190
2,0,56190
0,1,56190
0,0,56190
0,1,56213
0,0,56213
0,1,56236
0,0,56236
0,1,56259
0,0,56259
0,1,56282
0,0,56282
1,1,56285
1,0,56285
2,1,56285
2,0,56285
0,1,56290
0,0,56290
0,1,56313
0,0,56313
0,1,56336
0,0,56336
0,1,56359
0,0,56359
1,1,56380
1,0,56380
0,1,56380
0,0,56380
2,1,56380
2,0,56380
0,1,56403
0,0,56403
0,1,56426
0,0,56426
0,1,56449
0,0,56449
0,1,56472
0,0,56472
1,1,56475
1,0,56475
2,1,56475
2,0,56475
0,1,56475
0,0,56475
0,1,56498
0,0,56498
0,1,56521
0,0,56521
0,1,56544
0,0,56544
0,1,56567
0,0,56567
1,1,56570
1,0,56570
2,1,56570
2,0,56570
0,1,56570
0,0,56570
0,1,56593
0,0,56593
0,1,56616
0,0,56616
0,1,56639
0,0,56639
0,1,56662
0,0,56662
1,1,56665
1,0,56665
2,1,56665
2,0,56665
0,1,56670
0,0,56670
0,1,56693
0,0,56693
0,1,56716
0,0,56716
0,1,56739
0,0,56739
1,1,56760
1,0,56760
0,1,56760
0,0,56760
2,1,56760
2,0,56760
0,1,56783
0,0,56783
0,1,56806
0,0,56806
0,1,56829
0,0,56829
0,1,56852
0,0,56852
1,1,56855
1,0,56855
2,1,56855
2,0,56855
0,1,56855
0,0,56855
0,1,56878
0,0,56878
0,1,56901
0,0,56901
0,1,56924
0,0,56924
0,1,56947
0,0,56947
2,1,56950
2,0,56950
1,1,56950
1,0,56950
0,1,56950
0,0,56950
0,1,57051
0,0,57051
0,1,57073
0,0,57073
0,1,57096
0,0,57096
0,1,57119
0,0,57119
1,1,57140
1,0,57140
0,1,57140
0,0,57140
2,1,57140
2,0,57140
0,1,57163
0,0,57163
0,1,57186
0,0,57186
0,1,57209
0,0,57209
0,1,57232
0,0,57232
1,1,57235
1,0,57235
2,1,57235
2,0,57235
0,1,57235
0,0,57235
0,1,57258
0,0,57258
0,1,57281
0,0,57281
0,1,57304
0,0,57304
0,1,57327
0,0,57327
1,1,57330
1,0,57330
2,1,57330
2,0,57330
0,1,57330
0,0,57330
0,1,57353
0,0,57353
0,1,57376
0,0,57376
0,1,57399
0,0,57399
0,1,57422
0,0,57422
1,1,57425
1,0,57425
2,1,57425
2,0,57425
0,1,57430
0,0,57430
0,1,57453
0,0,57453
0,1,57476
0,0,57476
0,1,57499
0,0,57499
1,1,57520
1,0,57520
0,1,57520
0,0,57520
2,1,57520
2,0,57520
0,1,57543
0,0,57543
0,1,57566
0,0,57566
0,1,57589
0,0,57589
0,1,57612
0,0,57612
2,1,57615
2,0,57615
1,1,57615
1,0,57615
0,1,57615
0,0,57615
0,1,57638
0,0,57638
0,1,57661
0,0,57661
0,1,57684
0,0,57684
0,1,57707
0,0,57707
1,1,57710
1,0,57710
2,1,57710
2,0,57710
0,1,57710
0,0,57710
0,1,57733
0,0,57733
0,1,57756
0,0,57756
0,1,57779
0,0,57779
0,1,57802
0,0,57802
1,1,57805
1,0,57805
2,1,57805
2,0,57805
0,1,57810
0,0,57810
0,1,57833
0,0,57833
0,1,57856
0,0,57856
0,1,57879
0,0,57879
1,1,57900
1,0,57900
0,1,57900
0,0,57900
2,1,57900
2,0,57900
0,1,57923
0,0,57923
0,1,57946
0,0,57946
0,1,57969
0,0,57969
0,1,57992
0,0,57992
1,1,57995
1,0,57995
2,1,57995
2,0,57995
0,1,57995
0,0,57995
0,1,58018
0,0,58018
0,1,58041
0,0,58041
0,1,58064
0,0,58064
0,1,58087
0,0,58087
1,1,58090
1,0,58090
2,1,58090
2,0,58090
0,1,58090
0,0,58090
0,1,58113
0,0,58113
0,1,58136
0,0,58136
0,1,58159
0,0,58159
0,1,58182
0,0,58182
1,1,58185
1,0,58185
2,1,58185
2,0,58185
0,1,58190
0,0,58190
0,1,58213
0,0,58213
0,1,58236
0,0,58236
0,1,58259
0,0,58259
1,1,58280
1,0,58280
0,1,58280
0,0,58280
2,1,58280
2,0,58280
0,1,58303
0,0,58303
0,1,58326
0,0,58326
0,1,58349
0,0,58349
0,1,58372
0,0,58372
1,1,58375
1,0,58375
2,1,58375
2,0,58375
0,1,58375
0,0,58375
0,1,58398
0,0,58398
0,1,58421
0,0,58421
0,1,58444
0,0,58444
0,1,58467
0,0,58467
1,1,58470
1,0,58470
2,1,58470
2,0,58470
0,1,58470
0,0,58470
0,1,58493
0,0,58493
0,1,58516
0,0,58516
0,1,58539
0,0,58539
0,1,58562
0,0,58562
1,1,58565
1,0,58565
2,1,58565
2,0,58565
0,1,58570
0,0,58570
0,1,58593
0,0,58593
0,1,58616
0,0,58616
0,1,58639
0,0,58639
1,1,58660
1,0,58660
0,1,58660
0,0,58660
2,1,58660
2,0,58660
0,1,58683
0,0,58683
0,1,58706
0,0,58706
0,1,58729
0,0,58729
0,1,58752
0,0,58752
1,1,58755
1,0,58755
2,1,58755
2,0,58755
0,1,58755
0,0,58755
0,1,58778
0,0,58778
0,1,58801
0,0,58801
0,1,58824
0,0,58824
0,1,58847
0,0,58847
1,1,58850
1,0,58850
2,1,58850
2,0,58850
0,1,58850
0,0,58850
0,1,58951
0,0,58951
0,1,58973
0,0,58973
0,1,58996
0,0,58996
0,1,59019
0,0,59019
1,1,59040
1,0,59040
0,1,59040
0,0,59040
2,1,59040
2,0,59040
0,1,59063
0,0,59063
0,1,59086
0,0,59086
0,1,59109
0,0,59109
0,1,59132
0,0,59132
1,1,59135
1,0,59135
2,1,59135
2,0,59135
0,1,59135
0,0,59135
0,1,59158
0,0,59158
0,1,59181
0,0,59181
0,1,59204
0,0,59204
0,1,59227
0,0,59227
1,1,59230
1,0,59230
2,1,59230
2,0,59230
0,1,59230
0,0,59230
0,1,59253
0,0,59253
0,1,59276
0,0,59276
0,1,59299
0,0,59299
0,1,59322
0,0,59322
1,1,59325
1,0,59325
2,1,59325
2,0,59325
0,1,59330
0,0,59330
0,1,59353
0,0,59353
0,1,59376
0,0,59376
0,1,59399
0,0,59399
1,1,59420
1,0,59420
0,1,59420
0,0,59420
2,1,59420
2,0,59420
0,1,59443
0,0,59443
0,1,59466
0,0,59466
0,1,59489
0,0,59489
0,1,59512
0,0,59512
2,1,59515
2,0,59515
1,1,59515
1,0,59515
0,1,59515
0,0,59515
0,1,59538
0,0,59538
0,1,59561
0,0,59561
0,1,59584
0,0,59584
0,1,59607
0,0,59607
1,1,59610
1,0,59610
2,1,59610
2,0,59610
0,1,59610
0,0,59610
0,1,59633
0,0,59633
0,1,59656
0,0,59656
0,1,59679
0,0,59679
0,1,59702
0,0,59702
1,1,59705
1,0,59705
2,1,59705
2,0,59705
0,1,59710
0,0,59710
0,1,59733
0,0,59733
0,1,59756
0,0,59756
0,1,59779
0,0,59779
1,1,59800
1,0,59800
0,1,59800
0,0,59800
2,1,59800
2,0,59800
0,1,59823
0,0,59823
0,1,59846
0,0,59846
0,1,59869
0,0,59869
0,1,59892
0,0,59892
1,1,59895
1,0,59895
2,1,59895
2,0,59895
0,1,59895
0,0,59895
0,1,59918
0,0,59918
0,1,59941
0,0,59941
0,1,59964
0,0,59964
0,1,59987
0,0,59987
1,1,59990
1,0,59990
2,1,59990
2,0,59990
0,1,59990
0,0,59990
0,1,60013
0,0,60013
0,1,60036
0,0,60036
0,1,60059
0,0,60059
0,1,60082
0,0,60082
1,1,60085
1,0,60085
2,1,60085
2,0,60085
0,1,60090
0,0,60090
0,1,60113
0,0,60113
0,1,60136
0,0,60136
0,1,60159
0,0,60159
1,1,60180
1,0,60180
0,1,60180
0,0,60180
2,1,60180
2,0,60180
0,1,60203
0,0,60203
0,1,60226
0,0,60226
0,1,60249
0,0,60249
0,1,60272
0,0,60272
1,1,60275
1,0,60275
2,1,60275
2,0,60275
0,1,60275
0,0,60275
0,1,60298
0,0,60298
0,1,60321
0,0,60321
0,1,60344
0,0,60344
0,1,60367
0,0,60367
1,1,60370
1,0,60370
2,1,60370
2,0,60370
0,1,60370
0,0,60370
0,1,60393
0,0,60393
0,1,60416
0,0,60416
0,1,60439
0,0,60439
0,1,60462
0,0,60462
1,1,60465
1,0,60465
2,1,60465
2,0,60465
0,1,60470
0,0,60470
0,1,60493
0,0,60493
0,1,60516
0,0,60516
0,1,60539
0,0,60539
1,1,60560
1,0,60560
0,1,60560
0,0,60560
2,1,60560
2,0,60560
0,1,60583
0,0,60583
0,1,60606
0,0,60606
0,1,60629
0,0,60629
0,1,60773
0,0,60773
0,1,60796
0,0,60796
0,1,60819
0,0,60819
0,1,60842
0,0,60842
1,1,60845
1,0,60845
2,1,60845
2,0,60845
0,1,60851
0,0,60851
0,1,60873
0,0,60873
0,1,60896
0,0,60896
0,1,60919
0,0,60919
1,1,60940
1,0,60940
0,1,60940
0,0,60940
2,1,60940
2,0,60940
0,1,60963
0,0,60963
0,1,60986
0,0,60986
0,1,61009
0,0,61009
0,1,61032
0,0,61032
1,1,61035
1,0,61035
2,1,61035
2,0,61035
0,1,61035
0,0,61035
0,1,61058
0,0,61058
0,1,61081
0,0,61081
0,1,61104
0,0,61104
0,1,61127
0,0,61127
1,1,61130
1,0,61130
2,1,61130
2,0,61130
0,1,61130
0,0,61130
0,1,61153
0,0,61153
0,1,61176
0,0,61176
0,1,61199
0,0,61199
0,1,61222
0,0,61222
1,1,61225
1,0,61225
2,1,61225
2,0,61225
0,1,61230
0,0,61230
0,1,61253
0,0,61253
0,1,61276
0,0,61276
0,1,61299
0,0,61299
1,1,61320
1,0,61320
0,1,61320
0,0,61320
2,1,61320
2,0,61320
0,1,61343
0,0,61343
0,1,61366
0,0,61366
0,1,61389
0,0,61389
0,1,61412
0,0,61412
1,1,61415
1,0,61415
2,1,61415
2,0,61415
0,1,61415
0,0,61415
0,1,61438
0,0,61438
0,1,61461
0,0,61461
0,1,61484
0,0,61484
0,1,61507
0,0,61507
1,1,61510
1,0,61510
2,1,61510
2,0,61510
0,1,61510
0,0,61510
0,1,61533
0,0,61533
0,1,61556
0,0,61556
0,1,61579
0,0,61579
0,1,61602
0,0,61602
1,1,61605
1,0,61605
2,1,61605
2,0,61605
0,1,61610
0,0,61610
0,1,61633
0,0,61633
0,1,61656
0,0,61656
0,1,61679
0,0,61679
1,1,61700
1,0,61700
0,1,61700
0,0,61700
2,1,61700
2,0,61700
0,1,61723
0,0,61723
0,1,61746
0,0,61746
0,1,61769
0,0,61769
0,1,61792
0,0,61792
1,1,61795
1,0,61795
2,1,61795
2,0,61795
0,1,61795
0,0,61795
0,1,61818
0,0,61818
0,1,61841
0,0,61841
0,1,61864
0,0,61864
0,1,61887
0,0,61887
1,1,61890
1,0,61890
2,1,61890
2,0,61890
0,1,61890
0,0,61890
0,1,61913
0,0,61913
0,1,61936
0,0,61936
0,1,61959
0,0,61959
0,1,61982
0,0,61982
1,1,61985
1,0,61985
2,1,61985
2,0,61985
0,1,61990
0,0,61990
0,1,62013
0,0,62013
0,1,62036
0,0,62036
0,1,62059
0,0,62059
1,1,62080
1,0,62080
0,1,62080
0,0,62080
2,1,62080
2,0,62080
0,1,62103
0,0,62103
0,1,62126
0,0,62126
0,1,62149
0,0,62149
0,1,62172
0,0,62172
1,1,62175
1,0,62175
2,1,62175
2,0,62175
0,1,62175
0,0,62175
0,1,62198
0,0,62198
0,1,62221
0,0,62221
0,1,62244
0,0,62244
0,1,62267
0,0,62267
1,1,62270
1,0,62270
2,1,62270
2,0,62270
0,1,62270
0,0,62270
0,1,62293
0,0,62293
0,1,62316
0,0,62316
0,1,62339
0,0,62339
0,1,62362
0,0,62362
2,1,62365
2,0,62365
1,1,62365
1,0,62365
0,1,62370
0,0,62370
0,1,62393
0,0,62393
0,1,62416
0,0,62416
0,1,62439
0,0,62439
1,1,62460
1,0,62460
0,1,62460
0,0,62460
2,1,62460
2,0,62460
0,1,62483
0,0,62483
0,1,62506
0,0,62506
0,1,62529
0,0,62529
0,1,62673
0,0,62673
0,1,62696
0,0,62696
0,1,62719
0,0,62719
0,1,62742
0,0,62742
1,1,62745
1,0,62745
2,1,62745
2,0,62745
0,1,62751
0,0,62751
0,1,62773
0,0,62773
0,1,62796
0,0,62796
0,1,62819
0,0,62819
1,1,62840
1,0,62840
0,1,62840
0,0,62840
2,1,62840
2,0,62840
0,1,62863
0,0,62863
0,1,62886
0,0,62886
0,1,62909
0,0,62909
0,1,62932
0,0,62932
1,1,62935
1,0,62935
2,1,62935
2,0,62935
0,1,62935
0,0,62935
0,1,62958
0,0,62958
0,1,62981
0,0,62981
0,1,63004
0,0,63004
0,1,63027
0,0,63027
1,1,63030
1,0,63030
2,1,63030
2,0,63030
0,1,63030
0,0,63030
0,1,63053
0,0,63053
0,1,63076
0,0,63076
0,1,63099
0,0,63099
0,1,63122
0,0,63122
1,1,63125
1,0,63125
2,1,63125
2,0,63125
0,1,63130
0,0,63130
0,1,63153
0,0,63153
0,1,63176
0,0,63176
0,1,63199
0,0,63199
1,1,63220
1,0,63220
0,1,63220
0,0,63220
2,1,63220
2,0,63220
0,1,63243
0,0,63243
0,1,63266
0,0,63266
0,1,63289
0,0,63289
0,1,63312
0,0,63312
1,1,63315
1,0,63315
2,1,63315
2,0,63315
0,1,63315
0,0,63315
0,1,63338
0,0,63338
0,1,63361
0,0,63361
0,1,63384
0,0,63384
0,1,63407
0,0,63407
1,1,63410
1,0,63410
2,1,63410
2,0,63410
0,1,63410
0,0,63410
0,1,63433
0,0,63433
0,1,63456
0,0,63456
0,1,63479
0,0,63479
0,1,63502
0,0,63502
1,1,63505
1,0,63505
2,1,63505
2,0,63505
0,1,63510
0,0,63510
0,1,63533
0,0,63533
0,1,63556
0,0,63556
0,1,63579
0,0,63579
1,1,63600
1,0,63600
0,1,63600
0,0,63600
2,1,63600
2,0,63600
0,1,63623
0,0,63623
0,1,63646
0,0,63646
0,1,63669
0,0,63669
0,1,63692
0,0,63692
1,1,63695
1,0,63695
2,1,63695
2,0,63695
0,1,63695
0,0,63695
0,1,63718
0,0,63718
0,1,63741
0,0,63741
0,1,63764
0,0,63764
0,1,63787
0,0,63787
1,1,63790
1,0,63790
2,1,63790
2,0,63790
0,1,63790
0,0,63790
0,1,63813
0,0,63813
0,1,63836
0,0,63836
0,1,63859
0,0,63859
0,1,63882
0,0,63882
1,1,63885
1,0,63885
2,1,63885
2,0,63885
0,1,63890
0,0,63890
0,1,63913
0,0,63913
0,1,63936
0,0,63936
0,1,63959
0,0,63959
1,1,63980
1,0,63980
0,1,63980
0,0,63980
2,1,63980
2,0,63980
0,1,64003
0,0,64003
0,1,64026
0,0,64026
0,1,64049
0,0,64049
0,1,64072
0,0,64072
1,1,64075
1,0,64075
2,1,64075
2,0,64075
0,1,64075
0,0,64075
0,1,64098
0,0,64098
0,1,64121
0,0,64121
0,1,64144
0,0,64144
0,1,64167
0,0,64167
1,1,64170
1,0,64170
2,1,64170
2,0,64170
0,1,64170
0,0,64170
0,1,64193
0,0,64193
0,1,64216
0,0,64216
0,1,64239
0,0,64239
0,1,64262
0,0,64262
1,1,64265
1,0,64265
2,1,64265
2,0,64265
0,1,64270
0,0,64270
0,1,64293
0,0,64293
0,1,64316
0,0,64316
0,1,64339
0,0,64339
1,1,64360
1,0,64360
0,1,64360
0,0,64360
2,1,64360
2,0,64360
0,1,64383
0,0,64383
0,1,64406
0,0,64406
0,1,64429
0,0,64429
0,1,64573
0,0,64573
0,1,64596
0,0,64596
0,1,64619
0,0,64619
0,1,64642
0,0,64642
1,1,64645
1,0,64645
2,1,64645
2,0,64645
0,1,64651
0,0,64651
0,1,64673
0,0,64673
0,1,64696
0,0,64696
0,1,64719
0,0,64719
1,1,64740
1,0,64740
0,1,64740
0,0,64740
2,1,64740
2,0,64740
0,1,64763
0,0,64763
0,1,64786
0,0,64786
0,1,64809
0,0,64809
0,1,64832
0,0,64832
2,1,64835
2,0,64835
1,1,64836
1,0,64836
0,1,64836
0,0,64836
0,1,64859
0,0,64859
0,1,64882
0,0,64882
0,1,64905
0,0,64905
0,1,64928
0,0,64928
2,1,64930
1,1,64930
1,0,64930
2,0,64930
0,1,64931
0,0,64931
0,1,64954
0,0,64954
0,1,64977
0,0,64977
0,1,65000
0,0,65000
0,1,65023
0,0,65023
2,1,65025
2,0,65025
1,1,65025
1,0,65025
0,1,65030
0,0,65030
0,1,65053
0,0,65053
0,1,65076
0,0,65076
0,1,65099
0,0,65099
1,1,65120
1,0,65120
0,1,65120
0,0,65120
2,1,65120
2,0,65120
0,1,65143
0,0,65143
0,1,65166
0,0,65166
0,1,65189
0,0,65189
0,1,65212
0,0,65212
1,1,65215
1,0,65215
2,1,65215
2,0,65215
0,1,65215
0,0,65215
0,1,65238
0,0,65238
0,1,65261
0,0,65261
0,1,65284
0,0,65284
0,1,65307
0,0,65307
1,1,65310
1,0,65310
2,1,65310
2,0,65310
0,1,65310
0,0,65310
0,1,65333
0,0,65333
0,1,65356
0,0,65356
0,1,65379
0,0,65379
0,1,65402
0,0,65402
1,1,65405
1,0,65405
2,1,65405
2,0,65405
0,1,65410
0,0,65410
0,1,65433
0,0,65433
0,1,65456
0,0,65456
0,1,65479
0,0,65479
1,1,65500
1,0,65500
0,1,65500
0,0,65500
2,1,65500
2,0,65500
0,1,65523
0,0,65523
0,1,65546
0,0,65546
0,1,65569
0,0,65569
0,1,65592
0,0,65592
1,1,65595
1,0,65595
2,1,65595
2,0,65595
0,1,65595
0,0,65595
0,1,65618
0,0,65618
0,1,65641
0,0,65641
0,1,65664
0,0,65664
0,1,65687
0,0,65687
1,1,65690
1,0,65690
2,1,65690
2,0,65690
0,1,65690
0,0,65690
0,1,65713
0,0,65713
0,1,65736
0,0,65736
0,1,65759
0,0,65759
0,1,65782
0,0,65782
1,1,65785
1,0,65785
2,1,65785
2,0,65785
0,1,65790
0,0,65790
0,1,65813
0,0,65813
0,1,65836
0,0,65836
0,1,65859
0,0,65859
1,1,65880
1,0,65880
0,1,65880
0,0,65880
2,1,65880
2,0,65880
0,1,65903
0,0,65903
0,1,65926
0,0,65926
0,1,65949
0,0,65949
0,1,65972
0,0,65972
1,1,65975
1,0,65975
2,1,65975
2,0,65975
0,1,65975
0,0,65975
0,1,65998
0,0,65998
0,1,66021
0,0,66021
0,1,66044
0,0,66044
0,1,66067
0,0,66067
1,1,66070
1,0,66070
2,1,66070
2,0,66070
0,1,66070
0,0,66070
0,1,66093
0,0,66093
0,1,66116
0,0,66116
0,1,66139
0,0,66139
0,1,66162
0,0,66162
1,1,66165
1,0,66165
2,1,66165
2,0,66165
0,1,66170
0,0,66170
0,1,66193
0,0,66193
0,1,66216
0,0,66216
0,1,66239
0,0,66239
1,1,66260
1,0,66260
0,1,66260
0,0,66260
2,1,66260
2,0,66260
0,1,66283
0,0,66283
0,1,66306
0,0,66306
0,1,66329
0,0,66329
0,1,66473
0,0,66473
0,1,66496
0,0,66496
0,1,66519
0,0,66519
0,1,66542
0,0,66542
1,1,66545
1,0,66545
2,1,66545
2,0,66545
0,1,66551
0,0,66551
0,1,66573
0,0,66573
0,1,66596
0,0,66596
0,1,66619
0,0,66619
1,1,66640
1,0,66640
0,1,66640
0,0,66640
2,1,66640
2,0,66640
0,1,66663
0,0,66663
0,1,66686
0,0,66686
0,1,66709
0,0,66709
0,1,66732
0,0,66732
1,1,66735
1,0,66735
2,1,66735
2,0,66735
0,1,66735
0,0,66735
0,1,66758
0,0,66758
0,1,66781
0,0,66781
0,1,66804
0,0,66804
0,1,66827
0,0,66827
1,1,66830
1,0,66830
2,1,66830
2,0,66830
0,1,66830
0,0,66830
0,1,66853
0,0,66853
0,1,66876
0,0,66876
0,1,66899
0,0,66899
0,1,66922
0,0,66922
1,1,66925
1,0,66925
2,1,66925
2,0,66925
0,1,66930
0,0,66930
0,1,66953
0,0,66953
0,1,66976
0,0,66976
0,1,66999
0,0,66999
1,1,67020
1,0,67020
0,1,67020
0,0,67020
2,1,67020
2,0,67020
0,1,67043
0,0,67043
0,1,67066
0,0,67066
0,1,67089
0,0,67089
0,1,67112
0,0,67112
2,1,67115
2,0,67115
1,1,67115
1,0,67115
0,1,67115
0,0,67115
0,1,67138
0,0,67138
0,1,67161
0,0,67161
0,1,67184
0,0,67184
0,1,67207
0,0,67207
1,1,67210
1,0,67210
2,1,67210
2,0,67210
0,1,67210
0,0,67210
0,1,67233
0,0,67233
0,1,67256
0,0,67256
0,1,67279
0,0,67279
0,1,67302
0,0,67302
1,1,67305
1,0,67305
2,1,67305
2,0,67305
0,1,67310
0,0,67310
0,1,67333
0,0,67333
0,1,67356
0,0,67356
0,1,67379
0,0,67379
1,1,67400
1,0,67400
0,1,67400
0,0,67400
2,1,67400
2,0,67400
0,1,67423
0,0,67423
0,1,67446
0,0,67446
0,1,67469
0,0,67469
0,1,67492
0,0,67492
1,1,67495
1,0,67495
2,1,67495
2,0,67495
0,1,67495
0,0,67495
0,1,67518
0,0,67518
0,1,67541
0,0,67541
0,1,67564
0,0,67564
0,1,67587
0,0,67587
1,1,67590
1,0,67590
2,1,67590
2,0,67590
0,1,67590
0,0,67590
0,1,67613
0,0,67613
0,1,67636
0,0,67636
0,1,67659
0,0,67659
0,1,67682
0,0,67682
1,1,67685
1,0,67685
2,1,67685
2,0,67685
0,1,67690
0,0,67690
0,1,67713
0,0,67713
0,1,67736
0,0,67736
0,1,67759
0,0,67759
1,1,67780
1,0,67780
0,1,67780
0,0,67780
2,1,67780
2,0,67780
0,1,67803
0,0,67803
0,1,67826
0,0,67826
0,1,67849
0,0,67849
0,1,67872
0,0,67872
1,1,67875
1,0,67875
2,1,67875
2,0,67875
0,1,67875
0,0,67875
0,1,67898
0,0,67898
0,1,67921
0,0,67921
0,1,67944
0,0,67944
0,1,67967
0,0,67967
1,1,67970
1,0,67970
2,1,67970
2,0,67970
0,1,67970
0,0,67970
0,1,67993
0,0,67993
0,1,68016
0,0,68016
0,1,68039
0,0,68039
0,1,68062
0,0,68062
2,1,68065
2,0,68065
1,1,68065
1,0,68065
0,1,68070
0,0,68070
0,1,68093
0,0,68093
0,1,68116
0,0,68116
0,1,68139
0,0,68139
1,1,68160
1,0,68160
0,1,68160
0,0,68160
2,1,68160
2,0,68160
0,1,68183
0,0,68183
0,1,68206
0,0,68206
0,1,68229
0,0,68229
0,1,68252
0,0,68252
1,1,68255
1,0,68255
2,1,68255
2,0,68255
0,1,68255
0,0,68255
0,1,68278
0,0,68278
0,1,68301
0,0,68301
0,1,68324
0,0,68324
0,1,68347
0,0,68347
1,1,68350
1,0,68350
2,1,68350
2,0,68350
0,1,68350
0,0,68350
0,1,68451
0,0,68451
0,1,68473
0,0,68473
0,1,68496
0,0,68496
0,1,68519
0,0,68519
1,1,68540
1,0,68540
0,1,68540
0,0,68540
2,1,68540
2,0,68540
0,1,68563
0,0,68563
0,1,68586
0,0,68586
0,1,68609
0,0,68609
0,1,68632
0,0,68632
1,1,68635
1,0,68635
2,1,68635
2,0,68635
0,1,68635
0,0,68635
0,1,68658
0,0,68658
0,1,68681
0,0,68681
0,1,68704
0,0,68704
0,1,68727
0,0,68727
1,1,68730
1,0,68730
2,1,68730
2,0,68730
0,1,68730
0,0,68730
0,1,68753
0,0,68753
0,1,68776
0,0,68776
0,1,68799
0,0,68799
0,1,68822
0,0,68822
1,1,68825
1,0,68825
2,1,68825
2,0,68825
0,1,68830
0,0,68830
0,1,68853
0,0,68853
0,1,68876
0,0,68876
0,1,68899
0,0,68899
1,1,68920
1,0,68920
0,1,68920
0,0,68920
2,1,68920
2,0,68920
0,1,68943
0,0,68943
0,1,68966
0,0,68966
0,1,68989
0,0,68989
0,1,69012
0,0,69012
1,1,69015
1,0,69015
2,1,69015
2,0,69015
0,1,69015
0,0,69015
0,1,69038
0,0,69038
0,1,69061
0,0,69061
0,1,69084
0,0,69084
0,1,69107
0,0,69107
1,1,69110
1,0,69110
2,1,69110
2,0,69110
0,1,69110
0,0,69110
0,1,69133
0,0,69133
0,1,69156
0,0,69156
0,1,69179
0,0,69179
0,1,69202
0,0,69202
1,1,69205
1,0,69205
2,1,69205
2,0,69205
0,1,69210
0,0,69210
0,1,69233
0,0,69233
0,1,69256
0,0,69256
0,1,69279
0,0,69279
1,1,69300
1,0,69300
0,1,69300
0,0,69300
2,1,69300
2,0,69300
0,1,69323
0,0,69323
0,1,69346
0,0,69346
0,1,69369
0,0,69369
0,1,69392
0,0,69392
1,1,69395
1,0,69395
2,1,69395
2,0,69395
0,1,69395
0,0,69395
0,1,69418
0,0,69418
0,1,69441
0,0,69441
0,1,69464
0,0,69464
0,1,69487
0,0,69487
1,1,69490
1,0,69490
2,1,69490
2,0,69490
0,1,69490
0,0,69490
0,1,69513
0,0,69513
0,1,69536
0,0,69536
0,1,69559
0,0,69559
0,1,69582
0,0,69582
1,1,69585
1,0,69585
2,1,69585
2,0,69585
0,1,69590
0,0,69590
0,1,69613
0,0,69613
0,1,69636
0,0,69636
0,1,69659
0,0,69659
1,1,69680
1,0,69680
0,1,69680
0,0,69680
2,1,69680
2,0,69680
0,1,69703
0,0,69703
0,1,69726
0,0,69726
0,1,69749
0,0,69749
0,1,69772
0,0,69772
1,1,69775
1,0,69775
2,1,69775
2,0,69775
0,1,69775
0,0,69775
0,1,69798
0,0,69798
0,1,69821
0,0,69821
0,1,69844
0,0,69844
0,1,69867
0,0,69867
1,1,69870
1,0,69870
2,1,69870
2,0,69870
0,1,69870
0,0,69870
0,1,69893
0,0,69893
0,1,69916
0,0,69916
0,1,69939
0,0,69939
0,1,69962
0,0,69962
1,1,69965
1,0,69965
2,1,69965
2,0,69965
0,1,69970
0,0,69970
0,1,69993
0,0,69993
0,1,70016
0,0,70016
0,1,70039
0,0,70039
1,1,70060
1,0,70060
0,1,70060
0,0,70060
2,1,70060
2,0,70060
0,1,70083
0,0,70083
0,1,70106
0,0,70106
0,1,70129
0,0,70129
0,1,70273
0,0,70273
0,1,70296
0,0,70296
0,1,70319
0,0,70319
0,1,70342
0,0,70342
1,1,70345
1,0,70345
2,1,70345
2,0,70345
0,1,70351
0,0,70351
0,1,70373
0,0,70373
0,1,70396
0,0,70396
0,1,70419
0,0,70419
1,1,70440
1,0,70440
0,1,70440
0,0,70440
2,1,70440
2,0,70440
0,1,70463
0,0,70463
0,1,70486
0,0,70486
0,1,70509
0,0,70509
0,1,70532
0,0,70532
1,1,70535
1,0,70535
2,1,70535
2,0,70535
0,1,70535
0,0,70535
0,1,70558
0,0,70558
0,1,70581
0,0,70581
0,1,70604
0,0,70604
0,1,70627
0,0,70627
1,1,70630
1,0,70630
2,1,70630
2,0,70630
0,1,70630
0,0,70630
0,1,70653
0,0,70653
0,1,70676
0,0,70676
0,1,70699
0,0,70699
0,1,70722
0,0,70722
1,1,70725
1,0,70725
2,1,70725
2,0,70725
0,1,70730
0,0,70730
0,1,70753
0,0,70753
0,1,70776
0,0,70776
0,1,70799
0,0,70799
1,1,70820
1,0,70820
0,1,70820
0,0,70820
2,1,70820
2,0,70820
0,1,70843
0,0,70843
0,1,70866
0,0,70866
0,1,70889
0,0,70889
0,1,70912
0,0,70912
1,1,70915
1,0,70915
2,1,70915
2,0,70915
0,1,70915
0,0,70915
0,1,70938
0,0,70938
