0.0,0.0,0.0,0.0,0.5,0.0,0.0,0.0,0.0014889915473759174,0.0,0.0,0.0,0.0,0.0,0.0,0.0,0.0
0.0,0.0,0.0,0.0,0.5,0.0,0.0,0.0,0.0014889915473759174,0.0,0.0,0.0,0.0,0.0,0.0,0.0,0.0
0.0,0.0,0.0,0.0,0.5,0.0,0.0,0.0,-0.00037624576361849904,0.0,0.0,0.0,0.0,0.0,0.0,0.0,0.0
0.0,0.0,0.0,0.0,0.5,0.0,0.0,0.0,0.0006896042614243925,0.0,0.0,0.0,0.0,0.0,0.0,0.0,0.0
0.0,0.0,0.0,0.0,0.5,0.0,0.0,0.0,-0.003040870651602745,0.0,0.0,0.0,0.0,0.0,0.0,0.0,0.0
0.0,0.0,0.0,0.0,0.5,0.0,0.0,0.0,-0.0017085581785067916,0.0,0.0,0.0,0.0,0.0,0.0,0.0,0.0
0.0,0.0,0.0,0.0,0.5,0.0,0.0,0.0,0.00015667917614337057,0.0,0.0,0.0,0.0,0.0,0.0,0.0,0.0
0.0,0.0,0.0,0.0,0.5,0.0,0.0,0.0,-0.0017085581785067916,0.0,0.0,0.0,0.0,0.0,0.0,0.0,0.0
0.0,0.0,0.0,0.0,0.5,0.0,0.0,0.0,-0.00010978335194522515,0.0,0.0,0.0,0.0,0.0,0.0,0.0,0.0
0.0,0.0,0.0,0.0,0.5,0.0,0.0,0.0,0.0006896042614243925,0.0,0.0,0.0,0.0,0.0,0.0,0.0,0.0
0.0,0.0,0.0,0.0,0.5,0.0,0.0,0.0,0.00042314169695600867,0.0,0.0,0.0,0.0,0.0,0.0,0.0,0.0
0.0,0.0,0.0,0.0,0.5,0.0,0.0,0.0,-0.00010978335194522515,0.0,0.0,0.0,0.0,0.0,0.0,0.0,0.0
0.0,0.0,0.0,0.0,0.5,0.0,0.0,0.0,0.002288379007950425,0.0,0.0,0.0,0.0,0.0,0.0,0.0,0.0
0.0,0.0,0.0,0.0,0.5,0.0,0.0,0.0,-0.00010978335194522515,0.0,0.0,0.0,0.0,0.0,0.0,0.0,0.0
0.0,0.0,0.0,0.0,0.5,0.0,0.0,0.0,0.0009560667676851153,0.0,0.0,0.0,0.0,0.0,0.0,0.0,0.0
0.0,0.0,0.0,0.0,0.5,0.0,0.0,0.0,-0.00010978335194522515,0.0,0.0,0.0,0.0,0.0,0.0,0.0,0.0
0.0,0.0,0.0,0.0,0.5,0.0,0.0,0.0,0.0009560667676851153,0.0,0.0,0.0,0.0,0.0,0.0,0.0,0.0
0.0,0.0,0.0,0.0,0.5,0.0,0.0,0.0,-0.00037624576361849904,0.0,0.0,0.0,0.0,0.0,0.0,0.0,0.0
0.0,0.0,0.0,0.0,0.5,0.0,0.0,0.0,0.0012225289829075336,0.0,0.0,0.0,0.0,0.0,0.0,0.0,0.0
0.0,0.0,0.0,0.0,0.5,0.0,0.0,0.0,0.0012225289829075336,0.0,0.0,0.0,0.0,0.0,0.0,0.0,0.0
0.0,0.0,0.0,0.0,0.5,0.0,0.0,0.0,0.0038871541619300842,0.0,0.0,0.0,0.0,0.0,0.0,0.0,0.0
0.0,0.0,0.0,0.0,0.5,0.0,0.0,0.0,0.0038871541619300842,0.0,0.0,0.0,0.0,0.0,0.0,0.0,0.0
0.0,0.0,0.0,0.0,0.5,0.0,0.0,0.0,0.0006896042614243925,0.0,0.0,0.0,0.0,0.0,0.0,0.0,0.0
0.0,0.0,0.0,0.0,0.5,0.0,0.0,0.0,0.0006896042614243925,0.0,0.0,0.0,0.0,0.0,0.0,0.0,0.0
0.0,0.0,0.0,0.0,0.5,9.560666207094538e-05,0.0,0.0,0.00042314169695600867,233.4589224786,109.0,-20.0,0.0,0.0001912133244331926,0.0001912133244331926,0.4330033772648918,1.0473514672164304
150.39999389648438,25.008907318115234,10.879161834716797,0.006294967822368332,0.5000012036817392,-0.015031061439477493,0.06294967822368332,1.2036817391849093e-05,-0.3025446832180023,233.4589224786,109.0,-20.0,0.0,-0.03006325499736704,-0.03006325499736704,0.4298567324223511,1.0044155820258664
254.39999389648438,38.29252243041992,20.552492141723633,0.016612048270249404,0.49969094518530305,-0.021990015146732187,0.1031708044788107,-0.0031025849643612617,-0.13920320570468903,233.4589224786,109.0,-20.0,0.0,-0.04398357556783594,-0.04398357556783594,0.4244291730024724,0.9692943692104095
214.39999389648438,63.35508728027344,37.81328201293945,0.034340383705080635,0.49891068638794467,-0.02620438414095214,0.17728335434831227,-0.007802587973584031,-0.08431192487478256,233.4589224786,109.0,-20.0,0.0,-0.0524147680553142,-0.0524147680553142,0.4148887232698674,0.9231883994566138
172.8000030517578,56.60391616821289,43.062252044677734,0.05179837800087807,0.49799479076346104,-0.03208286450597668,0.17457994295797427,-0.009158956244836102,-0.11761973798274994,233.4589224786,109.0,-20.0,0.0,-0.0641767418535892,-0.0641767418535892,0.4053659904303624,0.8727720573727028
228.8000030517578,76.66912841796875,54.20094680786133,0.07470646439975268,0.49652260271661164,-0.0373078648317688,0.2290808639887461,-0.014721880468493837,-0.10456307977437973,233.4589224786,109.0,-20.0,0.0,-0.07463304983102717,-0.07463304983102717,0.3926362825057244,0.809220474597985
236.8000030517578,75.80626678466797,61.628273010253906,0.09874614356216758,0.4947251095028619,-0.06747423144482866,0.24039679162414904,-0.01797493213749725,-0.6041802167892456,233.4589224786,109.0,-20.0,0.0,-0.13505107150995174,-0.13505107150995174,0.3790590251769768,0.6902259559563412
209.60000610351562,78.73148345947266,66.72711181640625,0.12402807313397993,0.4912898473752936,-0.08239936245532994,0.25281929571812334,-0.0343526212756835,-0.2993471324443817,233.4589224786,109.0,-20.0,0.0,-0.1649857847543899,-0.1649857847543899,0.36344228357703506,0.5948209609241895
230.39999389648438,85.08108520507812,67.1341323852539,0.15036491372968308,0.48690478306987395,-0.09205378584217185,0.26336840595703154,-0.043850643054196545,-0.1938280165195465,233.4589224786,109.0,-20.0,0.0,-0.18436858640634457,-0.18436858640634457,0.3464755172899664,0.5032906484751996
243.1999969482422,107.5026626586914,76.60623168945312,0.1821113353041793,0.4809845074685192,-0.10962216909458919,0.3174642157449622,-0.05920275601354759,-0.35317254066467285,233.4589224786,109.0,-20.0,0.0,-0.21968584047281187,-0.21968584047281187,0.32547428243177107,0.37626032855006536
235.1999969482422,116.67195129394531,91.82564544677734,0.1821113353041793,0.4809845074685192,-0.10962216909458919,0.3174642157449622,-0.05920275601354759,-0.35317254066467285,233.4589224786,109.0,-20.0,0.0,-0.21968584047281187,-0.21968584047281187,0.32547428243177107,0.37626032855006536
235.1999969482422,116.67195129394531,91.82564544677734,0.21780401488765214,0.4730147041993285,-0.12051965920185621,0.3569267958347282,-0.07969803269190641,-0.21940840780735016,233.4589224786,109.0,-20.0,0.0,-0.2416266812535469,-0.2416266812535469,0.3007248863007536,0.24534162929973083
211.1999969482422,140.275634765625,108.6732406616211,0.2602025131873534,0.4625659551915467,-0.13841253382607555,0.4239849829970122,-0.10448749007781828,-0.36089998483657837,233.4589224786,109.0,-20.0,0.0,-0.2777166797372047,-0.2777166797372047,0.27047558045950554,0.07483444632827374
241.60000610351562,139.7405548095703,118.36495971679688,0.3037409745112198,0.45015384426624305,-0.15698406810014487,0.43538461323866423,-0.12412110925303647,-0.3755554258823395,233.4589224786,109.0,-20.0,0.0,-0.31527222232543867,-0.31527222232543867,0.23795597160313406,-0.10353996299449614
267.20001220703125,147.39346313476562,122.80328369140625,0.3487990380358966,0.4354581299560654,-0.17859483256269337,0.45058063524676817,-0.14695714310177627,-0.4384405314922333,233.4589224786,109.0,-20.0,0.0,-0.359116275474662,-0.359116275474662,0.20269889660713875,-0.2917213230546783
225.60000610351562,146.2863006591797,130.58749389648438,0.39426616622758465,0.4183900311484362,-0.2026254113269763,0.45467128191688,-0.17068098807629203,-0.48960137367248535,233.4589224786,69.0,20.0,0.0,-0.40807641284191054,-0.40807641284191054,0.16518277506568754,-0.4811194033064412
238.39999389648438,139.36085510253906,129.18191528320312,0.43750217396724944,0.39969710960938026,-0.22262674961770468,0.43236007739664817,-0.18692921539055946,-0.40939614176750183,233.4589224786,69.0,20.0,0.0,-0.4490160270186607,-0.4490160270186607,0.1273751783552556,-0.6483337825261115
233.60000610351562,151.00892639160156,124.70285034179688,0.48106972190991365,0.3787044322815098,-0.23459062866713085,0.43567547942664203,-0.20992677327870476,-0.24578820168972015,233.4589224786,69.0,20.0,0.0,-0.47359484718763273,-0.47359484718763273,0.08741019678767135,-0.7904176484834116
228.8000030517578,130.85362243652344,135.4918212890625,0.5226461075214175,0.3573966754623379,-0.21742581857557297,0.4157638561150382,-0.2130775681917188,0.3524200916290283,233.4589224786,69.0,20.0,0.0,-0.4383528380247299,-0.4383528380247299,0.0481679997326601,-0.8559664056690603
230.39999389648438,119.57048034667969,144.16038513183594,0.5645321987761328,0.33776173853567154,-0.19376696351846756,0.41886091254715285,-0.19634936926666358,0.48351964354515076,233.4589224786,69.0,20.0,0.0,-0.39000087367021485,-0.39000087367021485,0.010219613178552196,-0.892736228107317
236.8000030517578,128.56834411621094,145.5597686767578,0.609005143138723,0.31948087074430814,-0.1764376184997358,0.4447294436259019,-0.18280867791363378,0.3526865541934967,233.4589224786,69.0,20.0,0.0,-0.3547322182508652,-0.3547322182508652,-0.027849650467745353,-0.9311245917197445
228.8000030517578,125.9926528930664,148.321533203125,0.6541256451022707,0.30276821059700976,-0.15672479571541542,0.45120501963547693,-0.16712660147298403,0.39985039830207825,233.4589224786,69.0,20.0,0.0,-0.31474717842065736,-0.31474717842065736,-0.064884635418409,-0.9524268402110393
233.60000610351562,126.63029479980469,140.57394409179688,0.6986923017027088,0.28825865306795334,-0.1350618279998438,0.44566656600438115,-0.1450955752905641,0.43795454502105713,233.4589224786,69.0,20.0,0.0,-0.27095172391855166,-0.27095172391855166,-0.09973477804995658,-0.9579500730070412
236.8000030517578,128.5630340576172,148.79449462890625,0.7455674432368907,0.27523753434218173,-0.11774098435483436,0.468751415341819,-0.13021118725771597,0.3492225408554077,233.4589224786,69.0,20.0,0.0,-0.23602946983301087,-0.23602946983301087,-0.13445023965524175,-0.9649665211100799
233.60000610351562,128.17576599121094,154.31539916992188,0.7937441407088814,0.26365043854436654,-0.09681778821424941,0.4817669747199066,-0.11587095797815172,0.42090097069740295,233.4589224786,69.0,20.0,0.0,-0.19393937276327058,-0.19393937276327058,-0.1685746477280125,-0.9580686583907025
241.60000610351562,122.7247543334961,144.11160278320312,0.8396712664583657,0.25462998206731186,-0.07800366558119208,0.45927125749484227,-0.090204564770547,0.3777340054512024,233.4589224786,69.0,20.0,0.0,-0.15616597221815035,-0.15616597221815035,-0.19935147028999572,-0.947378211158214
233.60000610351562,114.10620880126953,133.5350341796875,0.8825803256433308,0.24787403671559527,-0.05526443947662086,0.42909059184965115,-0.06755945351716575,0.45580753684043884,233.4589224786,69.0,20.0,0.0,-0.11058521853410647,-0.11058521853410647,-0.22665808015572103,-0.9225085422988599
233.60000610351562,116.38532257080078,133.65020751953125,0.9261700589915899,0.24303391030853833,-0.03932685149226118,0.4358973334825915,-0.048401264070569425,0.31911227107048035,233.4589224786,69.0,20.0,0.0,-0.07867399142705843,-0.07867399142705843,-0.252645936942382,-0.9074641243336896
228.8000030517578,118.31636047363281,130.27586364746094,0.9696396472474065,0.23960691079354904,-0.012496064145408159,0.4346958825581657,-0.03426999514989295,0.5368121266365051,233.4589224786,69.0,20.0,0.0,-0.024992778763407913,-0.024992778763407913,-0.27734993986858913,-0.8676386003094027
232.0,109.27052307128906,134.99050903320312,1.012471017100769,0.23853621290016916,0.00822880971620185,0.4283136985336235,-0.010706978933798737,0.41450583934783936,233.4589224786,69.0,20.0,0.0,0.016457805171376023,0.016457805171376023,-0.2996942398590497,-0.83653110223401
235.1999969482422,110.67152404785156,119.26335906982422,1.0527974188875269,0.23919995689220938,0.03048163209150795,0.4032640178675804,0.00663743992040227,0.4451490342617035,233.4589224786,69.0,20.0,0.0,0.060972708597546374,0.060972708597546374,-0.31928393651746223,-0.7995126376265943
208.0,108.25076293945312,139.17153930664062,1.096116026658747,0.24184448771856934,0.05302535800282012,0.43318607771220236,0.026445308263599452,0.4512776732444763,233.4589224786,69.0,20.0,0.0,0.10610047592199401,0.10610047592199401,-0.3386544580387506,-0.7602220143953718
260.79998779296875,115.20213317871094,123.53468322753906,1.137756315492227,0.24627919564566422,0.07376177247129377,0.41640288833479855,0.04434707927094884,0.4155717194080353,233.4589224786,69.0,20.0,0.0,0.14765764786279753,0.14765764786279753,-0.3556354604203163,-0.7223655486881182
228.8000030517578,140.07891845703125,141.65907287597656,1.186636982666092,0.25354971613771216,0.09788776904855616,0.48880667173865017,0.07270520492047955,0.4843190014362335,233.4589224786,69.0,20.0,0.0,0.1960895480064209,0.1960895480064209,-0.3737810530009394,-0.676399488385325
219.1999969482422,117.5632553100586,134.43190002441406,1.2299912653244447,0.26216170195819943,0.12276296979180173,0.43354282658352533,0.08611985820487261,0.5005732178688049,233.4589224786,69.0,20.0,0.0,0.2461468697933014,0.2461468697933014,-0.3880015567858284,-0.626809920451026
246.39999389648438,127.06482696533203,139.71372985839844,1.275375260822791,0.2735640488189135,0.14575574113774803,0.4538399549834638,0.1140234686071408,0.46406787633895874,233.4589224786,69.0,20.0,0.0,0.29255365742719724,0.29255365742719724,-0.4008205110421589,-0.579205633330065
227.1999969482422,135.4220428466797,153.99258422851562,1.323983228541706,0.2882045730313051,0.16504441049312166,0.4860796771891488,0.14640524212391573,0.3905242085456848,233.4589224786,69.0,20.0,0.0,0.33160607828176575,0.33160607828176575,-0.4124472720843693,-0.5373377420390484
230.39999389648438,126.48780059814453,151.0711212158203,1.3700162684389705,0.30405468615278936,0.1868623163801539,0.4603303989726457,0.15850113121484266,0.4432837963104248,233.4589224786,69.0,20.0,0.0,0.3759344579128082,0.3759344579128082,-0.42173897387993886,-0.48923662956415936
243.1999969482422,123.3715591430664,138.71173095703125,1.4127767642061941,0.3209325197143808,0.20672475276271654,0.4276049576722368,0.1687783356159145,0.4051796495914459,233.4589224786,69.0,20.0,0.0,0.41645242287195283,0.41645242287195283,-0.42850428506419697,-0.4440683844148883
217.60000610351562,126.36389923095703,149.21421813964844,1.4569832505747227,0.34048611838698273,0.22411392622206922,0.44206486368528614,0.19553598672601913,0.3561505675315857,233.4589224786,69.0,20.0,0.0,0.4520674796251114,0.4520674796251114,-0.4336754075950285,-0.4026266238589954
217.60000610351562,126.36389923095703,149.21421813964844,1.4569832505747227,0.34048611838698273,0.22411392622206922,0.44206486368528614,0.19553598672601913,0.3561505675315857,233.4589224786,69.0,20.0,0.0,0.4520674796251114,0.4520674796251114,-0.4336754075950285,-0.4026266238589954
251.1999969482422,123.28157806396484,144.51210021972656,1.4992371774595825,0.3610049433815087,0.2476975127463422,0.42253926884859916,0.20518824994525933,0.48538488149642944,233.4589224786,69.0,20.0,0.0,0.5006059677747543,0.5006059677747543,-0.4370342948017902,-0.3477245841095593
227.1999969482422,135.51673889160156,160.77691650390625,1.5448314082357057,0.3859490713626092,0.27207124015219447,0.4559423077612331,0.24944127981100506,0.5048366189002991,233.4589224786,69.0,20.0,0.0,0.5510896296647843,0.5510896296647843,-0.4382310995690037,-0.28909881532829473
230.39999389648438,132.69444274902344,146.99197387695312,1.5866270689827116,0.41163691163368626,0.293789261884906,0.4179566074700585,0.2568784027107707,0.4528764486312866,233.4589224786,69.0,20.0,0.0,0.5963772745279129,0.5963772745279129,-0.43688443676105143,-0.23510877550958675
246.39999389648438,120.3090591430664,139.2971954345703,1.6243027718357155,0.4372123698980223,0.31273829434654654,0.3767570285300388,0.25575458264336065,0.3977186977863312,233.4589224786,69.0,20.0,0.0,0.636149144306546,0.636149144306546,-0.43357498550811363,-0.18647765383380965
238.39999389648438,104.24373626708984,132.56312561035156,1.6577148981768923,0.4618897426340731,0.33266954422006895,0.33412126341176845,0.24677372736050798,0.42116740345954895,233.4589224786,69.0,20.0,0.0,0.6782658846525009,0.6782658846525009,-0.4289113564191021,-0.13569780595519554
227.1999969482422,114.55152893066406,127.40009307861328,1.69076105196005,0.4885182433893541,0.3468862812257721,0.3304615378315772,0.26628500755280976,0.30232512950897217,233.4589224786,69.0,20.0,0.0,0.7084983976033982,0.7084983976033982,-0.42237503918653774,-0.09597957900640208
212.8000030517578,121.33336639404297,132.99378967285156,1.724635508537486,0.5175459785689583,0.37075712033559066,0.33874456577435935,0.2902773517960422,0.511498212814331,233.4589224786,69.0,20.0,0.0,0.7596482188848313,0.7596482188848313,-0.41417514688818274,-0.03450032406312398
243.1999969482422,132.80859375,135.76380920410156,1.7587932959519557,0.5499884342792696,0.3949608220821911,0.3415778741446972,0.3244245571031124,0.5240219235420227,233.4589224786,69.0,20.0,0.0,0.8120504112390335,0.8120504112390335,-0.40315975811552546,0.02965626048956549
236.8000030517578,134.1782684326172,150.90284729003906,1.7931972079323149,0.5862769033684249,0.4207314134152943,0.3440391198035929,0.3628846908915528,0.5645241737365723,233.4589224786,69.0,20.0,0.0,0.8685028286126908,0.8685028286126908,-0.3889367660115617,0.09945992531177661
230.39999389648438,123.66206359863281,150.82957458496094,1.82429897053244,0.6230308062820884,0.44246673680916887,0.31101762600125143,0.3675390291366359,0.48192086815834045,233.4589224786,69.0,20.0,0.0,0.9166949154285249,0.9166949154285249,-0.37265952372202865,0.1614111385022815
230.39999389648438,123.15861511230469,143.3260498046875,1.852739518426694,0.6601257374710933,0.4646059775117032,0.28440547894253976,0.3709493118900482,0.49684277176856995,233.4589224786,69.0,20.0,0.0,0.9663791926053819,0.9663791926053819,-0.3547562553322197,0.2251410848415739
235.1999969482422,130.1014404296875,136.4320068359375,1.879307556354186,0.6985944006655704,0.4801951839699596,0.2656803792749198,0.3846866319447712,0.35375240445137024,233.4589224786,69.0,20.0,0.0,1.0017544330505188,1.0017544330505188,-0.3347270102811824,0.27527656436861403
222.39999389648438,122.95896911621094,147.01333618164062,1.9048234344982289,0.73848679312621,0.49880145960985106,0.2551587814404306,0.3989239246063952,0.426763117313385,233.4589224786,69.0,20.0,0.0,1.0444307447818573,1.0444307447818573,-0.3129386921924723,0.33331557300579984
246.39999389648438,123.47859191894531,143.28436279296875,1.9283313202900363,0.7789447188008387,0.517579678117794,0.23507885791807454,0.4045792567462866,0.43608930706977844,233.4589224786,69.0,20.0,0.0,1.088039675488835,1.088039675488835,-0.2896565574861343,0.39265989747693886
224.0,121.3348388671875,151.17735290527344,1.9505212334319264,0.8212822106538711,0.5397058835960542,0.22189913141890227,0.4233749185303239,0.5213572978973389,233.4589224786,69.0,20.0,0.0,1.1401754052785689,1.1401754052785689,-0.26408767687815143,0.46145260468840865
236.8000030517578,133.87420654296875,139.4463348388672,1.9705338873300982,0.8648473839901903,0.5543669323641135,0.2001265389817166,0.43565173336319274,0.35028842091560364,233.4589224786,82.93708907754632,6.062910922453682,0.0,1.1752042473701292,1.1752042473701292,-0.23636691586575578,0.513933771954999
230.39999389648438,126.68872833251953,145.24049377441406,1.988914495071597,0.9088615119169026,0.5707629898623233,0.18380607741498764,0.44014127926712215,0.39665287733078003,233.4589224786,109.0,-20.0,0.0,1.2148695351032073,1.2148695351032073,-0.20744128135206835,0.5713743455173466
233.60000610351562,114.6599349975586,140.443359375,2.004506840773967,0.9508035187711256,0.5849263977858495,0.15592345702369922,0.41942006854222985,0.34709084033966064,233.4589224786,109.0,-20.0,0.0,1.2495786191371734,1.2495786191371734,-0.17891589660274923,0.6232380804023759
241.60000610351562,110.0539779663086,123.57274627685547,2.0174449583825034,0.9896869223213847,0.5791583778053627,0.12938117608536343,0.38883403550259055,-0.14186781644821167,233.4589224786,109.0,-20.0,0.0,1.2353918374923523,1.2353918374923523,-0.15171208319543172,0.6251375628315927
225.60000610351562,124.10233306884766,107.79290771484375,2.030833418758443,1.0280960806990462,0.5621415764989758,0.13388460375939396,0.38409158377661456,-0.4144589304924011,233.4589224786,109.0,-20.0,0.0,1.1939459444431122,1.1939459444431122,-0.12514415524068953,0.5992730351536184
233.60000610351562,133.1260223388672,105.93778991699219,2.046264545879619,1.06708669012045,0.5459442428044761,0.1543112712117634,0.3899060942140381,-0.38914498686790466,233.4589224786,109.0,-20.0,0.0,1.1550314457563218,1.1550314457563218,-0.09909408610552588,0.5755338708487644
216.0,141.31826782226562,114.1800537109375,2.0643652025684274,1.108084558181388,0.5284774446704337,0.18100656688808037,0.4099786806093792,-0.41419246792793274,233.4589224786,109.0,-20.0,0.0,1.1136121989635286,1.1136121989635286,-0.0726405684402334,0.5493661633034816
251.1999969482422,134.5037384033203,121.16448974609375,2.0841611060213427,1.1483245048370698,0.5080209522890341,0.19795903452915548,0.4023994665568183,-0.47840991616249084,233.4589224786,109.0,-20.0,0.0,1.0657712073472796,1.0657712073472796,-0.047691093969930695,0.5157181234744159
251.1999969482422,126.0426254272461,113.36359405517578,2.104478646535997,1.1850753617150156,0.4842808948084058,0.20317540514654478,0.36750856877945703,-0.5468907952308655,233.4589224786,109.0,-20.0,0.0,1.011082127824193,1.011082127824193,-0.026024030194088756,0.47316766504399455
224.0,121.97344970703125,100.02018737792969,2.125153036213973,1.218072474921276,0.4728234062570561,0.20674389677975713,0.3299711320626028,-0.26097655296325684,233.4589224786,109.0,-20.0,0.0,0.9849844725278674,0.9849844725278674,-0.007786169900612001,0.4571177233424152
225.60000610351562,115.99003601074219,94.48384857177734,2.1455642779166504,1.2488351435629181,0.460008269824905,0.20411241702677554,0.3076266864164233,-0.2897544801235199,233.4589224786,109.0,-20.0,0.0,0.9560090245155154,0.9560090245155154,0.008648228794629124,0.43702732504929165
225.60000610351562,115.99003601074219,94.48384857177734,2.1455642779166504,1.2488351435629181,0.460008269824905,0.20411241702677554,0.3076266864164233,-0.2897544801235199,233.4589224786,109.0,-20.0,0.0,0.9560090245155154,0.9560090245155154,0.008648228794629124,0.43702732504929165
232.0,105.7848892211914,88.90752410888672,2.1662632491225438,1.278150947819894,0.4427892662358189,0.2069897120589324,0.293158042569759,-0.38594743609428406,233.4589224786,109.0,-20.0,0.0,0.8887852312473117,0.8887852312473117,0.036788490465687176,0.3845706629751531
166.39999389648438,87.66107177734375,86.65592193603516,2.2062961362198994,1.329003752365224,0.4159969923920934,0.19273860889189431,0.23736486052114314,-0.30707454681396484,233.4589224786,109.0,-20.0,0.0,0.8580777765659152,0.8580777765659152,0.04770689472405644,0.3594052244970525
104.0,78.00440979003906,70.09226989746094,2.223282305288487,1.3486576027140744,0.4076269243529509,0.16986169068587953,0.19653850348850477,-0.18370243906974792,233.4589224786,109.0,-20.0,0.0,0.8397075326589404,0.8397075326589404,0.05623362869001095,0.34526970661432055
104.0,78.00440979003906,70.09226989746094,2.223282305288487,1.3486576027140744,0.4076269243529509,0.16986169068587953,0.19653850348850477,-0.18370243906974792,233.4589224786,109.0,-20.0,0.0,0.8397075326589404,0.8397075326589404,0.05623362869001095,0.34526970661432055
59.20000076293945,43.424930572509766,45.00575256347656,2.2336388564438736,1.3602049095245263,0.40045585583940374,0.10356551155386501,0.11547306810451871,-0.15678973495960236,233.4589224786,109.0,-20.0,0.0,0.8240285591629801,0.8240285591629801,0.061055064289516264,0.33194567793072904
28.799999237060547,14.578094482421875,11.60619831085205,2.236758657134161,1.363575563857048,0.4000601265483309,0.031198006902872732,0.03370654332521538,-0.008636582642793655,233.4589224786,109.0,-20.0,0.0,0.8231649008987008,0.8231649008987008,0.06241407259375469,0.33173891419730495
1.600000023841858,0.0,-0.565604031085968,2.236691203805234,1.3635028129527167,0.4003725454228161,-0.000674533289270268,-0.0007275090433124756,0.006818241439759731,233.4589224786,109.0,-20.0,0.0,0.8238467250426768,0.8238467250426768,0.062384798662416203,0.3324066116111644
0.0,0.0,-0.4220600426197052,2.236640906404364,1.363448491109079,0.40061167533434533,-0.0005029740087010725,-0.0005432184363768162,0.005219466518610716,233.4589224786,109.0,-20.0,0.0,0.8243686716945379,0.8243686716945379,0.06236290590395174,0.33291799077215156
0.0,0.0,0.0,2.236640906404364,1.363448491109079,0.40075312853181033,0.0,0.0,0.003087766235694289,233.4589224786,109.0,-20.0,0.0,0.8246774483181073,0.8246774483181073,0.06236290590395174,0.333226767395721
0.0,0.0,0.0,2.236640906404364,1.363448491109079,0.40083354311891,0.0,0.0,0.0017554541118443012,233.4589224786,109.0,-20.0,0.0,0.8248529937292918,0.8248529937292918,0.06236290590395174,0.33340231280690547
0.0,0.0,0.0,2.236640906404364,1.363448491109079,0.40092616010950816,0.0,0.0,0.002021916676312685,233.4589224786,109.0,-20.0,0.0,0.825055185396923,0.825055185396923,0.06236290590395174,0.3336045044745367
0.0,0.0,0.0,2.236640906404364,1.363448491109079,0.40101877300249356,0.0,0.0,0.002021916676312685,233.4589224786,109.0,-20.0,0.0,0.8252573770645543,0.8252573770645543,0.06236290590395174,0.33380669614216796
0.0,0.0,0.0,2.236640906404364,1.363448491109079,0.40090389718775704,0.0,0.0,-0.0025079455226659775,233.4589224786,109.0,-20.0,0.0,0.8250065825122876,0.8250065825122876,0.06236290590395174,0.33355590158990134
0.0,0.0,0.0,2.236640906404364,1.363448491109079,0.40085004543560515,0.0,0.0,-0.0011756331659853458,233.4589224786,109.0,-20.0,0.0,0.8248890191956891,0.8248890191956891,0.06236290590395174,0.3334383382733028
0.0,0.0,0.0,2.236640906404364,1.363448491109079,0.4007961922984028,0.0,0.0,-0.0011756331659853458,233.4589224786,109.0,-20.0,0.0,0.8247714558790906,0.8247714558790906,0.06236290590395174,0.3333207749567043
0.0,0.0,0.0,2.236640906404364,1.363448491109079,0.4007667506783625,0.0,0.0,-0.0006427082698792219,233.4589224786,109.0,-20.0,0.0,0.8247071850521027,0.8247071850521027,0.06236290590395174,0.3332565041297164
0.0,0.0,0.0,2.236640906404364,1.363448491109079,0.4008227527670953,0.0,0.0,0.0012225289829075336,233.4589224786,109.0,-20.0,0.0,0.8248294379503934,0.8248294379503934,0.06236290590395174,0.3333787570280071
0.0,0.0,0.0,2.236640906404364,1.363448491109079,0.40089095905495004,0.0,0.0,0.0014889915473759174,233.4589224786,109.0,-20.0,0.0,0.824978337105131,0.824978337105131,0.06236290590395174,0.3335276561827447
0.0,0.0,0.0,2.236640906404364,1.363448491109079,0.4008981359342462,0.0,0.0,0.00015667917614337057,233.4589224786,109.0,-20.0,0.0,0.8249940050227453,0.8249940050227453,0.06236290590395174,0.33354332410035903
0.0,0.0,0.0,2.236640906404364,1.363448491109079,0.4009663397662312,0.0,0.0,0.0014889915473759174,233.4589224786,109.0,-20.0,0.0,0.8251429041774829,0.8251429041774829,0.06236290590395174,0.3336922232550966
0.0,0.0,0.0,2.236640906404364,1.363448491109079,0.4009663397662312,0.0,0.0,0.0014889915473759174,233.4589224786,109.0,-20.0,0.0,0.8251429041774829,0.8251429041774829,0.06236290590395174,0.3336922232550966
0.0,0.0,0.0,2.236640906404364,1.363448491109079,0.4009196664238455,0.0,0.0,-0.00037624576361849904,233.4589224786,109.0,-20.0,0.0,0.8250410087741332,0.8250410087741332,0.06236290590395174,0.3335903278517469
0.0,0.0,0.0,2.236640906404364,1.363448491109079,0.40100007461482173,0.0,0.0,0.0017554541118443012,233.4589224786,109.0,-20.0,0.0,0.8252165541853177,0.8252165541853177,0.06236290590395174,0.3337658732629314
0.0,0.0,0.0,2.236640906404364,1.363448491109079,0.40097063586178294,0.0,0.0,-0.0006427082698792219,233.4589224786,109.0,-20.0,0.0,0.8251522833583298,0.8251522833583298,0.06236290590395174,0.3337016024359435
0.0,0.0,0.0,2.236640906404364,1.363448491109079,0.4009656072792214,0.0,0.0,-0.00010978335194522515,233.4589224786,109.0,-20.0,0.0,0.8251413050231353,0.8251413050231353,0.06236290590395174,0.333690624100749
0.0,0.0,0.0,2.236640906404364,1.363448491109079,0.4009656072792214,0.0,0.0,-0.00010978335194522515,233.4589224786,109.0,-20.0,0.0,0.8251413050231353,0.8251413050231353,0.06236290590395174,0.333690624100749
0.0,0.0,0.0,2.236640906404364,1.363448491109079,0.400918933912504,0.0,0.0,0.0012225289829075336,233.4589224786,109.0,-20.0,0.0,0.8250394096023232,0.8250394096023232,0.06236290590395174,0.33358872867993694
0.0,0.0,0.0,2.236640906404364,1.363448491109079,0.401035956898918,0.0,0.0,0.0025548418052494526,233.4589224786,109.0,-20.0,0.0,0.8252948937828481,0.8252948937828481,0.06236290590395174,0.33384421286046184
0.0,0.0,0.0,2.236640906404364,1.363448491109079,0.40089667091390324,0.0,0.0,-0.003040870651602745,233.4589224786,109.0,-20.0,0.0,0.8249908067176879,0.8249908067176879,0.06236290590395174,0.33354012579530157
0.0,0.0,0.0,2.236640906404364,1.363448491109079,0.400916053322086,0.0,0.0,0.00042314169695600867,233.4589224786,109.0,-20.0,0.0,0.8250331208873835,0.8250331208873835,0.06236290590395174,0.33358243996499715
0.0,0.0,0.0,2.236640906404364,1.363448491109079,0.4010574859601057,0.0,0.0,0.003087766235694289,233.4589224786,109.0,-20.0,0.0,0.8253418975109529,0.8253418975109529,0.06236290590395174,0.3338912165885666
0.0,0.0,0.0,2.236640906404364,1.363448491109079,0.40115009304096577,0.0,0.0,0.002021916676312685,233.4589224786,109.0,-20.0,0.0,0.8255440891785841,0.8255440891785841,0.06236290590395174,0.3340934082561978
0.0,0.0,0.0,2.236640906404364,1.363448491109079,0.40115009304096577,0.0,0.0,0.002021916676312685,233.4589224786,109.0,-20.0,0.0,0.8255440891785841,0.8255440891785841,0.06236290590395174,0.3340934082561978
0.0,0.0,0.0,2.236640906404364,1.363448491109079,0.4011450648896794,0.0,0.0,-0.00010978335194522515,233.4589224786,109.0,-20.0,0.0,0.8255331108433897,0.8255331108433897,0.06236290590395174,0.33408242992100334
0.0,0.0,0.0,2.236640906404364,1.363448491109079,0.40103019600790724,0.0,0.0,-0.0025079455226659775,233.4589224786,109.0,-20.0,0.0,0.825282316291123,0.825282316291123,0.06236290590395174,0.3338316353687367
0.0,0.0,0.0,2.236640906404364,1.363448491109079,0.40109839553624804,0.0,0.0,0.0014889915473759174,233.4589224786,109.0,-20.0,0.0,0.8254312154458606,0.8254312154458606,0.06236290590395174,0.3339805345234743
60.79999923706055,0.0,0.42247796058654785,2.236691167388186,1.3635029464478197,0.4018621078705255,0.0005026098382215955,0.0005445533874074834,0.01667735166847706,233.4589224786,109.0,-20.0,0.0,0.8270989506127083,0.8270989506127083,0.06238493247977736,0.33565890671867205
238.39999389648438,8.463799476623535,3.809223175048828,2.2381486132029775,1.3650873117587703,0.399220217593636,0.01457445814791602,0.015843653109506653,-0.05766567587852478,233.4589224786,109.0,-20.0,0.0,0.8213323830248559,0.8213323830248559,0.06302823355771218,0.33020293862509736
249.60000610351562,47.721275329589844,8.830108642578125,2.244906188759057,1.3723488709256402,0.37908822672637893,0.06757575556079626,0.0726155916686985,-0.43710821866989136,233.4589224786,109.0,-20.0,0.0,0.7776215611578667,0.7776215611578667,0.06593778679646625,0.2878892933089494
248.0,68.17090606689453,40.386173248291016,2.2584748746283503,1.385708144543422,0.36741516005631775,0.13568685869293196,0.13359273617781794,-0.2516503632068634,233.4589224786,109.0,-20.0,0.0,0.7524565248371804,0.7524565248371804,0.07072222678098801,0.26496395247297655
260.79998779296875,64.40752410888672,51.72802734375,2.2733458253376084,1.3996302612000586,0.34851372999575353,0.14870950709258143,0.13922116656636577,-0.4048662781715393,233.4589224786,109.0,-20.0,0.0,0.7119698970200264,0.7119698970200264,0.07534291815567597,0.2265849098666251
232.0,147.66769409179688,99.71255493164062,2.306196790759612,1.4279793209698333,0.32897885164546803,0.3285096542200371,0.2834905976977457,-0.4152583181858063,233.4589224786,109.0,-20.0,0.0,0.6704440652014458,0.6704440652014458,0.08346685160153286,0.18857599752701243
254.39999389648438,118.13835144042969,107.36036682128906,2.337188955427283,1.4525554015275601,0.3106955027927329,0.30992164667671085,0.24576080557726865,-0.38594743609428406,233.4589224786,109.0,-20.0,0.0,0.6318493215920175,0.6318493215920175,0.08925281998160818,0.15228147590607605
262.3999938964844,131.05551147460938,111.11454772949219,2.371465994242004,1.4776445141277972,0.28724686895250906,0.342770388147211,0.2508911260023715,-0.49146658182144165,233.4589224786,109.0,-20.0,0.0,0.5827026634098733,0.5827026634098733,0.09384053440061259,0.10472810517903092
273.6000061035156,138.14886474609375,114.01648712158203,2.4083981043090037,1.5019841810435643,0.2645756971358695,0.3693211006699989,0.24339666915767136,-0.47174835205078125,233.4589224786,109.0,-20.0,0.0,0.5355278282047952,0.5355278282047952,0.09645160240959805,0.05810331115483386
276.79998779296875,129.37982177734375,109.28943634033203,2.444401052145527,1.5233471328935335,0.2437735617341912,0.36002947836523275,0.21362951849969097,-0.43018022179603577,233.4589224786,109.0,-20.0,0.0,0.49250980602519157,0.49250980602519157,0.09694942619253089,0.0146402785809861
256.0,156.88580322265625,128.0929718017578,2.4884469278269155,1.546982868971388,0.22808960184082622,0.4404587568138839,0.23635736077854547,-0.3227958381175995,233.4589224786,109.0,-20.0,0.0,0.46023022221343163,0.46023022221343163,0.09539377275887266,-0.019168721029392544
281.6000061035156,132.57333374023438,119.1605453491211,2.528008086311277,1.5665947411001757,0.2099760966989571,0.39561158484361425,0.1961187212878772,-0.37129199504852295,233.4589224786,109.0,-20.0,0.0,0.42310102270857936,0.42310102270857936,0.09259592942118625,-0.058264939138420624
275.20001220703125,147.85147094726562,122.56790924072266,2.5712585126852305,1.5860702855541229,0.18358510693885094,0.4325042637395357,0.19475544453947072,-0.5383639931678772,233.4589224786,109.0,-20.0,0.0,0.3692646233917916,0.3692646233917916,0.0878352722878681,-0.11494598392966243
268.79998779296875,147.36656188964844,131.6891326904297,2.616907009190299,1.6037370478788742,0.15787682964776817,0.45648496505068714,0.17666762324751265,-0.5218433141708374,233.4589224786,92.30299900031419,-3.3029990003141876,0.0,0.3170802919747079,0.3170802919747079,0.08030908508981385,-0.1711337534203356
268.79998779296875,145.2939453125,119.7607421875,2.6610814444293487,1.618232985145931,0.13660268627064612,0.4417443523904951,0.14495937267056755,-0.43018022179603577,233.4589224786,69.0,20.0,0.0,0.2740622697951043,0.2740622697951043,0.07077402021964871,-0.21887242021071857
283.20001220703125,139.24957275390625,120.82835388183594,2.704998034099281,1.630579541546622,0.12515873313056627,0.4391658966993232,0.12346556400691085,-0.23086628317832947,233.4589224786,69.0,20.0,0.0,0.25097564147727136,0.25097564147727136,0.059506508114141134,-0.24726340654329848
267.20001220703125,141.8086395263672,128.99838256835938,2.751010918853589,1.6423763908914397,0.12882712709801902,0.460128847543082,0.11796849344817631,0.07396678626537323,233.4589224786,69.0,20.0,0.0,0.2583723201038087,0.2583723201038087,0.04671473073257832,-0.24565795110347305
276.79998779296875,119.27764129638672,140.4163360595703,2.7950507005470513,1.6540151992000374,0.15101025319764416,0.44039781693461943,0.1163880830859763,0.4480801224708557,233.4589224786,69.0,20.0,0.0,0.30318033235089425,0.30318033235089425,0.034772704007936917,-0.20609100546329429
270.3999938964844,127.47737121582031,136.3658447265625,2.8392195476696815,1.6678322899958908,0.1687331502321182,0.4416884712263016,0.13817090795853537,0.3590816557407379,233.4589224786,69.0,20.0,0.0,0.33908849792496804,0.33908849792496804,0.024652547747127312,-0.17452159112848192
281.6000061035156,106.33946228027344,135.31716918945312,2.879193828993976,1.6819316847270707,0.19329523579894078,0.3997428132429445,0.140993947311798,0.4995073974132538,233.4589224786,69.0,20.0,0.0,0.38903923766629345,0.38903923766629345,0.01687428698505843,-0.12782936088192853
281.6000061035156,129.11001586914062,135.00927734375,2.922059918781196,1.6995038777708875,0.2148880725447107,0.42866089787219935,0.17572193043816753,0.44115209579467773,233.4589224786,69.0,20.0,0.0,0.43315444724576124,0.43315444724576124,0.010657495381787336,-0.0862700734481231
254.39999389648438,145.54454040527344,164.54103088378906,2.9714274713229454,1.7223336309193322,0.23908106694361833,0.49367552541749204,0.2282975314844465,0.49684277176856995,233.4589224786,79.83925808427045,9.160741915729545,0.0,0.4828387244226182,0.4828387244226182,0.00574284496653284,-0.03856562718402268
281.6000061035156,126.17778015136719,146.7178955078125,3.0138227173285004,1.7445582496769991,0.26002744634406627,0.42395246005555104,0.22224618757666903,0.43262529373168945,233.4589224786,93.4370857955877,-4.437085795587706,0.0,0.5261012537957872,0.5261012537957872,0.0037905225555215226,0.003917492466827266
262.3999938964844,137.59329223632812,155.27464294433594,3.0582466088501645,1.770354836610802,0.274465346162753,0.44423891521664294,0.25796586933802923,0.29966050386428833,233.4589224786,104.2435806047242,-15.243580604724201,0.0,0.5560673041822161,0.5560673041822161,0.0039171604285715735,0.03391026222122251
273.6000061035156,134.08016967773438,151.0000457763672,3.100717446974894,1.796749803264664,0.2789027079569276,0.42470838124729576,0.26394966653862023,0.09235269576311111,233.4589224786,109.0,-20.0,0.0,0.5653025737585272,0.5653025737585272,0.005538588963186634,0.04372910101870531
270.3999938964844,159.1778564453125,150.0472869873047,3.146518990416806,1.825804519714507,0.2599858145461498,0.45801543441911896,0.29054716449842816,-0.3928754925727844,233.4589224786,97.12207800779997,-8.12207800779997,0.0,0.5260150245012488,0.5260150245012488,0.0077979185458892835,0.005240663253328504
275.20001220703125,148.42185974121094,130.97344970703125,3.146518990416806,1.825804519714507,0.2599858145461498,0.45801543441911896,0.29054716449842816,-0.3928754925727844,233.4589224786,82.20549693544233,6.794503064557674,0.0,0.5260150245012488,0.5260150245012488,0.0077979185458892835,0.005240663253328504
275.20001220703125,148.42185974121094,130.97344970703125,3.1889013985753505,1.8504107474149196,0.2396235965642305,0.42382408158544566,0.24606227700412622,-0.42058756947517395,233.4589224786,82.20549693544233,6.794503064557674,0.0,0.48395626755373145,0.48395626755373145,0.007914504904112765,-0.036813910887596446
275.20001220703125,152.36387634277344,132.5491485595703,3.233137621206042,1.8736635092684462,0.21932439946845922,0.44236222630691263,0.23252761853526518,-0.41712355613708496,233.4589224786,69.0,20.0,0.0,0.44224391194002294,0.44224391194002294,0.005932013582505151,-0.07927352657800552
275.20001220703125,145.1563720703125,133.50201416015625,3.277313461191169,1.8945818593446462,0.2186170547871797,0.4417583998512743,0.20918350076200024,-0.014498758129775524,233.4589224786,69.0,20.0,0.0,0.4407940361270454,0.4407940361270454,0.0019580991670245683,-0.08215212214885925
267.20001220703125,152.95681762695312,155.78941345214844,3.326292693122115,1.9176878566771158,0.24062934351437926,0.4897923193094588,0.23105997332469608,0.45234352350234985,233.4589224786,73.2416907120309,15.758309287969098,0.0,0.48602838847728036,0.48602838847728036,-0.00252314907078176,-0.03848359759841469
264.0,142.4495086669922,161.4109344482422,3.373419245521997,1.942584689786216,0.26443354920349704,0.47126552399882404,0.2489683310910015,0.49204644560813904,233.4589224786,88.95668108526249,0.043318914737511705,0.0,0.5352330330380942,0.5352330330380942,-0.004527121822570534,0.01004732221199367
276.79998779296875,122.15572357177734,155.01734924316406,3.4152377557012588,1.9673817374791498,0.28721002418814423,0.4181851017926163,0.24797047692933705,0.47392699122428894,233.4589224786,106.39881728607673,-17.398817286076735,0.0,0.5826257321605232,0.5826257321605232,-0.0039633168583413595,0.05764962373132454
280.0,136.55722045898438,146.3944854736328,3.456680932809101,1.994689796546098,0.29124768679284635,0.41443177107842294,0.2730805906694821,0.0843588262796402,233.4589224786,109.0,-20.0,0.0,0.5910616147884872,0.5910616147884872,-0.0010372804245220484,0.067079032030261
276.79998779296875,153.1112518310547,146.8057861328125,3.5003632363777055,2.024004740681849,0.26861674639431066,0.43682303568604475,0.29314944135750765,-0.47148191928863525,233.4589224786,98.54248900544015,-9.542489005440146,0.0,0.5439134228596236,0.5439134228596236,0.0025070964801328284,0.021104409076528552
265.6000061035156,164.8721160888672,143.08384704589844,3.5465852166870784,2.051958025752685,0.24281340601744159,0.46221980309372784,0.27953285070836115,-0.5338341593742371,233.4589224786,80.49046137588809,8.509538624111912,0.0,0.49053000692219995,0.49053000692219995,0.0036023470350956123,-0.031933185737879954
272.0,166.58636474609375,148.48345947265625,3.595333557614199,2.0779930100073725,0.21679806701787407,0.48748340927120537,0.26034984254687427,-0.5346335172653198,233.4589224786,69.0,20.0,0.0,0.43706665519566795,0.43706665519566795,0.0017730742155666968,-0.08599995354297335
276.79998779296875,169.7413330078125,150.36782836914062,3.6462043364394243,2.10175993881249,0.2093338707539119,0.5087077882522525,0.2376692880511735,-0.1527927964925766,233.4589224786,69.0,20.0,0.0,0.42178737554641027,0.42178737554641027,-0.0030816374468739345,-0.1028246283766831
273.6000061035156,156.74343872070312,170.7460174560547,3.6986133940569146,2.1252768309239607,0.23676999147487204,0.5240905761749036,0.2351689211147099,0.562925398349762,233.4589224786,69.0,20.0,0.0,0.4780799153813865,0.4780799153813865,-0.008922071657530992,-0.04834166524044614
280.0,146.64730834960938,164.63023376464844,3.7470914798626573,2.150396855527447,0.2605729760852216,0.48478085805742527,0.2512002460348622,0.49151352047920227,233.4589224786,79.8821201359674,9.117879864032602,0.0,0.5272312674293067,0.5272312674293067,-0.011408569425175645,7.947820644416126e-05
278.3999938964844,131.56893920898438,168.5550994873047,3.7925861170786037,2.176884005824954,0.28291541355032157,0.4549463721594642,0.26487150297507367,0.46433430910110474,233.4589224786,96.64241419740495,-7.642414197404946,0.0,0.5736646983394171,0.5736646983394171,-0.01121930644702357,0.04661270622284075
286.3999938964844,147.49264526367188,158.6641845703125,3.8376910596774354,2.2060286120211083,0.3073882977278224,0.45104942598831615,0.2914460619615438,0.5122975707054138,233.4589224786,109.0,-20.0,0.0,0.6248944554099585,0.6248944554099585,-0.008533808815059735,0.09869064476417477
276.79998779296875,138.77737426757812,149.35292053222656,3.878679984292373,2.2355949057872797,0.30389454239324515,0.4098892461493756,0.29566293766171414,-0.07338696718215942,233.4589224786,109.0,-20.0,0.0,0.6175557586917425,0.6175557586917425,-0.003424984959561704,0.0929000307029596
272.0,153.55056762695312,135.5964813232422,3.9200301847510253,2.264962870054741,0.27779687870018405,0.4135020045865228,0.29367964267461144,-0.5455584526062012,233.4589224786,104.25707082870044,-15.257070828700435,0.0,0.5629999134311224,0.5629999134311224,0.0013314346193393997,0.039756041921632845
270.3999938964844,158.13430786132812,146.0584259033203,3.9651520369088495,2.2934409178537227,0.2547663834278592,0.45121852157824266,0.28478047798981954,-0.4778769910335541,233.4589224786,89.10083528658275,-0.10083528658275043,0.0,0.515212214327767,0.515212214327767,0.0034312328513876624,-0.007424620617300315
283.20001220703125,163.6585235595703,134.9527130126953,4.010730823072003,2.3192486206709777,0.2367456084662561,0.45578786163153756,0.25807702817255074,-0.3718249201774597,0.0,89.0,0.0,0.0,0.478029722310021,0.478029722310021,0.002990012530672707,-0.0447454993593665
283.20001220703125,148.49952697753906,138.5191650390625,4.010730823072003,2.3192486206709777,0.2367456084662561,0.45578786163153756,0.25807702817255074,-0.172511026263237,0.0,89.0,0.0,0.0,0.478029722310021,0.478029722310021,0.002990012530672707,-0.0447454993593665
278.3999938964844,145.4295196533203,136.8539581298828,4.010730823072003,2.3192486206709777,0.2367456084662561,0.45578786163153756,0.25807702817255074,0.20373401045799255,0.0,89.0,0.0,0.0,0.478029722310021,0.478029722310021,0.002990012530672707,-0.0447454993593665
259.20001220703125,148.44129943847656,165.23361206054688,4.010730823072003,2.3192486206709777,0.2367456084662561,0.45578786163153756,0.25807702817255074,0.09048745781183243,0.0,89.0,0.0,0.0,0.478029722310021,0.478029722310021,0.002990012530672707,-0.0447454993593665
281.6000061035156,152.90077209472656,156.32742309570312,4.010730823072003,2.3192486206709777,0.2367456084662561,0.45578786163153756,0.25807702817255074,0.07556555420160294,0.0,89.0,0.0,0.0,0.478029722310021,0.478029722310021,0.002990012530672707,-0.0447454993593665
286.3999938964844,141.5129852294922,143.78590393066406,4.010730823072003,2.3192486206709777,0.2367456084662561,0.45578786163153756,0.25807702817255074,-0.027288958430290222,0.0,89.0,0.0,0.0,0.478029722310021,0.478029722310021,0.002990012530672707,-0.0447454993593665
286.3999938964844,141.5129852294922,143.78590393066406,4.010730823072003,2.3192486206709777,0.2367456084662561,0.45578786163153756,0.25807702817255074,-0.027288958430290222,0.0,89.0,0.0,0.0,0.478029722310021,0.478029722310021,0.002990012530672707,-0.0447454993593665
283.20001220703125,136.90525817871094,136.0448455810547,4.010730823072003,2.3192486206709777,0.2367456084662561,0.45578786163153756,0.25807702817255074,0.1587018519639969,0.0,89.0,0.0,0.0,0.478029722310021,0.478029722310021,0.002990012530672707,-0.0447454993593665
280.0,140.03506469726562,128.4650115966797,4.010730823072003,2.3192486206709777,0.2367456084662561,0.45578786163153756,0.25807702817255074,0.037461426109075546,0.0,89.0,0.0,0.0,0.478029722310021,0.478029722310021,0.002990012530672707,-0.0447454993593665
280.0,140.03506469726562,128.4650115966797,4.010730823072003,2.3192486206709777,0.2367456084662561,0.45578786163153756,0.25807702817255074,0.037461426109075546,0.0,89.0,0.0,0.0,0.478029722310021,0.478029722310021,0.002990012530672707,-0.0447454993593665
267.20001220703125,164.7212677001953,144.18980407714844,4.010730823072003,2.3192486206709777,0.2367456084662561,0.45578786163153756,0.25807702817255074,0.19440783560276031,0.0,89.0,0.0,0.0,0.478029722310021,0.478029722310021,0.002990012530672707,-0.0447454993593665
267.20001220703125,164.7212677001953,144.18980407714844,4.010730823072003,2.3192486206709777,0.2367456084662561,0.45578786163153756,0.25807702817255074,0.19440783560276031,0.0,89.0,0.0,0.0,0.478029722310021,0.478029722310021,0.002990012530672707,-0.0447454993593665
259.20001220703125,148.183837890625,153.7720947265625,4.010730823072003,2.3192486206709777,0.2367456084662561,0.45578786163153756,0.25807702817255074,0.022006602957844734,0.0,89.0,0.0,0.0,0.478029722310021,0.478029722310021,0.002990012530672707,-0.0447454993593665
259.20001220703125,148.183837890625,153.7720947265625,4.010730823072003,2.3192486206709777,0.2367456084662561,0.45578786163153756,0.25807702817255074,0.057712577283382416,0.0,89.0,0.0,0.0,0.478029722310021,0.478029722310021,0.002990012530672707,-0.0447454993593665
283.20001220703125,139.42391967773438,147.64341735839844,4.010730823072003,2.3192486206709777,0.2367456084662561,0.45578786163153756,0.25807702817255074,0.049185775220394135,0.0,89.0,0.0,0.0,0.478029722310021,0.478029722310021,0.002990012530672707,-0.0447454993593665
270.3999938964844,140.06056213378906,142.611083984375,4.010730823072003,2.3192486206709777,0.2367456084662561,0.45578786163153756,0.25807702817255074,0.1288580596446991,0.0,89.0,0.0,0.0,0.478029722310021,0.478029722310021,0.002990012530672707,-0.0447454993593665
273.6000061035156,138.79486083984375,143.23196411132812,4.010730823072003,2.3192486206709777,0.2367456084662561,0.45578786163153756,0.25807702817255074,0.18188408017158508,0.0,89.0,0.0,0.0,0.478029722310021,0.478029722310021,0.002990012530672707,-0.0447454993593665
273.6000061035156,138.79486083984375,143.23196411132812,4.010730823072003,2.3192486206709777,0.2367456084662561,0.45578786163153756,0.25807702817255074,0.18188408017158508,0.0,89.0,0.0,0.0,0.478029722310021,0.478029722310021,0.002990012530672707,-0.0447454993593665
268.79998779296875,155.38880920410156,156.93490600585938,4.010730823072003,2.3192486206709777,0.2367456084662561,0.45578786163153756,0.25807702817255074,0.4896482527256012,0.0,89.0,0.0,0.0,0.478029722310021,0.478029722310021,0.002990012530672707,-0.0447454993593665
265.6000061035156,283.015380859375,16.41401481628418,4.010730823072003,2.3192486206709777,0.2367456084662561,0.45578786163153756,0.25807702817255074,-0.24232418835163116,0.0,89.0,0.0,0.0,0.478029722310021,0.478029722310021,0.002990012530672707,-0.0447454993593665
265.6000061035156,283.015380859375,16.41401481628418,4.010730823072003,2.3192486206709777,0.2367456084662561,0.45578786163153756,0.25807702817255074,-0.24232418835163116,0.0,89.0,0.0,0.0,0.478029722310021,0.478029722310021,0.002990012530672707,-0.0447454993593665
240.0,51.61934280395508,56.42662811279297,4.010730823072003,2.3192486206709777,0.2367456084662561,0.45578786163153756,0.25807702817255074,0.35348594188690186,0.0,89.0,0.0,0.0,0.478029722310021,0.478029722310021,0.002990012530672707,-0.0447454993593665
235.1999969482422,39.11045837402344,-2.5693254470825195,4.010730823072003,2.3192486206709777,0.2367456084662561,0.45578786163153756,0.25807702817255074,-0.04940534010529518,0.0,89.0,0.0,0.0,0.478029722310021,0.478029722310021,0.002990012530672707,-0.0447454993593665
235.1999969482422,39.11045837402344,-2.5693254470825195,4.010730823072003,2.3192486206709777,0.2367456084662561,0.45578786163153756,0.25807702817255074,-0.04940534010529518,0.0,89.0,0.0,0.0,0.478029722310021,0.478029722310021,0.002990012530672707,-0.0447454993593665
188.8000030517578,27.077117919921875,21.83498191833496,4.010730823072003,2.3192486206709777,0.2367456084662561,0.45578786163153756,0.25807702817255074,-0.10056614130735397,0.0,89.0,0.0,0.0,0.478029722310021,0.478029722310021,0.002990012530672707,-0.0447454993593665
104.0,-5.296409606933594,-5.43806791305542,4.010730823072003,2.3192486206709777,0.2367456084662561,0.45578786163153756,0.25807702817255074,0.022805988788604736,0.0,89.0,0.0,0.0,0.478029722310021,0.478029722310021,0.002990012530672707,-0.0447454993593665
104.0,-5.296409606933594,-5.43806791305542,4.010730823072003,2.3192486206709777,0.2367456084662561,0.45578786163153756,0.25807702817255074,0.022805988788604736,0.0,89.0,0.0,0.0,0.478029722310021,0.478029722310021,0.002990012530672707,-0.0447454993593665
12.800000190734863,2.4209468364715576,0.0,4.010730823072003,2.3192486206709777,0.2367456084662561,0.45578786163153756,0.25807702817255074,-0.004906107671558857,0.0,89.0,0.0,0.0,0.478029722310021,0.478029722310021,0.002990012530672707,-0.0447454993593665
0.0,0.0,-0.2867211103439331,4.010730823072003,2.3192486206709777,0.2367456084662561,0.45578786163153756,0.25807702817255074,-0.0025079455226659775,0.0,89.0,0.0,0.0,0.478029722310021,0.478029722310021,0.002990012530672707,-0.0447454993593665
0.0,0.0,0.0,4.010730823072003,2.3192486206709777,0.2367456084662561,0.45578786163153756,0.25807702817255074,0.002021916676312685,0.0,89.0,0.0,0.0,0.478029722310021,0.478029722310021,0.002990012530672707,-0.0447454993593665
0.0,0.0,0.0,4.010730823072003,2.3192486206709777,0.2367456084662561,0.45578786163153756,0.25807702817255074,-0.00010978335194522515,0.0,89.0,0.0,0.0,0.478029722310021,0.478029722310021,0.002990012530672707,-0.0447454993593665
0.0,0.0,-0.1424044817686081,4.010730823072003,2.3192486206709777,0.2367456084662561,0.45578786163153756,0.25807702817255074,-0.000909170659724623,0.0,89.0,0.0,0.0,0.478029722310021,0.478029722310021,0.002990012530672707,-0.0447454993593665
0.0,0.0,-0.1424044817686081,4.010730823072003,2.3192486206709777,0.2367456084662561,0.45578786163153756,0.25807702817255074,-0.000909170659724623,0.0,89.0,0.0,0.0,0.478029722310021,0.478029722310021,0.002990012530672707,-0.0447454993593665
0.0,0.0,0.0,4.010730823072003,2.3192486206709777,0.2367456084662561,0.45578786163153756,0.25807702817255074,0.0012225289829075336,0.0,89.0,0.0,0.0,0.478029722310021,0.478029722310021,0.002990012530672707,-0.0447454993593665
0.0,0.0,0.0,4.010730823072003,2.3192486206709777,0.2367456084662561,0.45578786163153756,0.25807702817255074,0.00015667917614337057,0.0,89.0,0.0,0.0,0.478029722310021,0.478029722310021,0.002990012530672707,-0.0447454993593665
0.0,0.0,-0.1425957828760147,4.010730823072003,2.3192486206709777,0.2367456084662561,0.45578786163153756,0.25807702817255074,0.0006896042614243925,0.0,89.0,0.0,0.0,0.478029722310021,0.478029722310021,0.002990012530672707,-0.0447454993593665
0.0,0.0,-0.1425957828760147,4.010730823072003,2.3192486206709777,0.2367456084662561,0.45578786163153756,0.25807702817255074,0.0006896042614243925,0.0,89.0,0.0,0.0,0.478029722310021,0.478029722310021,0.002990012530672707,-0.0447454993593665
0.0,0.0,0.0,4.010730823072003,2.3192486206709777,0.2367456084662561,0.45578786163153756,0.25807702817255074,-0.00010978335194522515,0.0,89.0,0.0,0.0,0.478029722310021,0.478029722310021,0.002990012530672707,-0.0447454993593665
0.0,0.0,0.0,4.010730823072003,2.3192486206709777,0.2367456084662561,0.45578786163153756,0.25807702817255074,0.0014889915473759174,0.0,89.0,0.0,0.0,0.478029722310021,0.478029722310021,0.002990012530672707,-0.0447454993593665
0.0,0.0,0.0,4.010730823072003,2.3192486206709777,0.2367456084662561,0.45578786163153756,0.25807702817255074,0.0014889915473759174,0.0,89.0,0.0,0.0,0.478029722310021,0.478029722310021,0.002990012530672707,-0.0447454993593665
0.0,0.0,0.0,4.010730823072003,2.3192486206709777,0.2367456084662561,0.45578786163153756,0.25807702817255074,0.0006896042614243925,0.0,89.0,0.0,0.0,0.478029722310021,0.478029722310021,0.002990012530672707,-0.0447454993593665
0.0,0.0,0.0,4.010730823072003,2.3192486206709777,0.2367456084662561,0.45578786163153756,0.25807702817255074,-0.00010978335194522515,0.0,89.0,0.0,0.0,0.478029722310021,0.478029722310021,0.002990012530672707,-0.0447454993593665
0.0,0.0,0.0,4.010730823072003,2.3192486206709777,0.2367456084662561,0.45578786163153756,0.25807702817255074,-0.00010978335194522515,0.0,89.0,0.0,0.0,0.478029722310021,0.478029722310021,0.002990012530672707,-0.0447454993593665
0.0,0.0,0.0,4.010730823072003,2.3192486206709777,0.2367456084662561,0.45578786163153756,0.25807702817255074,-0.0022414831910282373,0.0,89.0,0.0,0.0,0.478029722310021,0.478029722310021,0.002990012530672707,-0.0447454993593665
0.0,0.0,0.0,4.010730823072003,2.3192486206709777,0.2367456084662561,0.45578786163153756,0.25807702817255074,0.002288379007950425,0.0,89.0,0.0,0.0,0.478029722310021,0.478029722310021,0.002990012530672707,-0.0447454993593665
0.0,0.0,0.0,4.010730823072003,2.3192486206709777,0.2367456084662561,0.45578786163153756,0.25807702817255074,0.00042314169695600867,0.0,89.0,0.0,0.0,0.478029722310021,0.478029722310021,0.002990012530672707,-0.0447454993593665
0.0,0.0,0.0,4.010730823072003,2.3192486206709777,0.2367456084662561,0.45578786163153756,0.25807702817255074,-0.003040870651602745,0.0,89.0,0.0,0.0,0.478029722310021,0.478029722310021,0.002990012530672707,-0.0447454993593665
0.0,0.0,0.0,4.010730823072003,2.3192486206709777,0.2367456084662561,0.45578786163153756,0.25807702817255074,-0.003040870651602745,0.0,89.0,0.0,0.0,0.478029722310021,0.478029722310021,0.002990012530672707,-0.0447454993593665
0.0,0.0,0.0,4.010730823072003,2.3192486206709777,0.2367456084662561,0.45578786163153756,0.25807702817255074,0.0009560667676851153,0.0,89.0,0.0,0.0,0.478029722310021,0.478029722310021,0.002990012530672707,-0.0447454993593665
0.0,0.0,0.1424390971660614,4.010730823072003,2.3192486206709777,0.2367456084662561,0.45578786163153756,0.25807702817255074,-0.0019750206265598536,0.0,89.0,0.0,0.0,0.478029722310021,0.478029722310021,0.002990012530672707,-0.0447454993593665
0.0,0.0,-0.14350098371505737,4.010730823072003,2.3192486206709777,0.2367456084662561,0.45578786163153756,0.25807702817255074,-0.0011756331659853458,0.0,89.0,0.0,0.0,0.478029722310021,0.478029722310021,0.002990012530672707,-0.0447454993593665
0.0,0.0,0.0,4.010730823072003,2.3192486206709777,0.2367456084662561,0.45578786163153756,0.25807702817255074,-0.00010978335194522515,0.0,89.0,0.0,0.0,0.478029722310021,0.478029722310021,0.002990012530672707,-0.0447454993593665
0.0,0.0,0.0,4.010730823072003,2.3192486206709777,0.2367456084662561,0.45578786163153756,0.25807702817255074,-0.0011756331659853458,0.0,89.0,0.0,0.0,0.478029722310021,0.478029722310021,0.002990012530672707,-0.0447454993593665
0.0,0.0,0.0,4.010730823072003,2.3192486206709777,0.2367456084662561,0.45578786163153756,0.25807702817255074,0.0012225289829075336,0.0,89.0,0.0,0.0,0.478029722310021,0.478029722310021,0.002990012530672707,-0.0447454993593665
0.0,0.0,0.0,4.010730823072003,2.3192486206709777,0.2367456084662561,0.45578786163153756,0.25807702817255074,-0.0006427082698792219,0.0,89.0,0.0,0.0,0.478029722310021,0.478029722310021,0.002990012530672707,-0.0447454993593665
0.0,0.0,0.0,4.010730823072003,2.3192486206709777,0.2367456084662561,0.45578786163153756,0.25807702817255074,-0.0019750206265598536,0.0,89.0,0.0,0.0,0.478029722310021,0.478029722310021,0.002990012530672707,-0.0447454993593665
0.0,0.0,0.0,4.010730823072003,2.3192486206709777,0.2367456084662561,0.45578786163153756,0.25807702817255074,0.0006896042614243925,0.0,89.0,0.0,0.0,0.478029722310021,0.478029722310021,0.002990012530672707,-0.0447454993593665
0.0,0.0,0.0,4.010730823072003,2.3192486206709777,0.2367456084662561,0.45578786163153756,0.25807702817255074,-0.0014420957304537296,0.0,89.0,0.0,0.0,0.478029722310021,0.478029722310021,0.002990012530672707,-0.0447454993593665
0.0,0.0,0.0,4.010730823072003,2.3192486206709777,0.2367456084662561,0.45578786163153756,0.25807702817255074,-0.0014420957304537296,0.0,89.0,0.0,0.0,0.478029722310021,0.478029722310021,0.002990012530672707,-0.0447454993593665
0.0,0.0,0.0,4.010730823072003,2.3192486206709777,0.2367456084662561,0.45578786163153756,0.25807702817255074,-0.00037624576361849904,0.0,89.0,0.0,0.0,0.478029722310021,0.478029722310021,0.002990012530672707,-0.0447454993593665
